model,image_id,level,n_persons_gt,mode,rep,n_input,n_generated,latency_ms,budget_hit,parsed_answer,parse_status,correct
qwenvl7b,3553,L1,1,stepwise,1,469,106,2801.8,False,1,ok,True
qwenvl7b,6771,L4,8,stepwise,0,469,164,4277.2,False,7,ok,False
qwenvl7b,74200,L3,6,stepwise,0,469,28,828.2,False,0,ok,False
qwenvl7b,357816,L3,4,stepwise,0,469,121,3267.9,False,5,ok,False
qwenvl7b,578489,L3,7,stepwise,0,469,179,4669.8,False,6,ok,False
qwenvl7b,477805,L2,2,stepwise,1,469,47,1311.9,False,1,ok,False
qwenvl7b,330396,L3,5,stepwise,2,469,144,3776.6,False,6,ok,False
qwenvl7b,268378,L4,9,stepwise,2,469,151,3960.0,False,8,ok,False
qwenvl7b,14439,L4,14,stepwise,0,469,153,4017.2,False,5,ok,False
qwenvl7b,377588,L3,6,stepwise,2,469,143,3764.4,False,5,ok,False
qwenvl7b,154087,L3,4,stepwise,1,469,154,4048.4,False,3,ok,False
qwenvl7b,208363,L4,14,direct,0,440,3,202.4,False,15,ok,False
qwenvl7b,442456,L2,2,stepwise,2,469,66,1802.6,False,2,ok,True
qwenvl7b,464824,L1,1,stepwise,2,469,58,1599.8,False,1,ok,True
qwenvl7b,473869,L1,1,direct,2,440,2,175.2,False,1,ok,True
qwenvl7b,354307,L1,1,stepwise,2,469,45,1270.3,False,1,ok,True
qwenvl7b,224664,L4,8,direct,0,440,3,202.6,False,10,ok,False
qwenvl7b,253386,L2,2,stepwise,2,469,89,2392.7,False,2,ok,True
qwenvl7b,2006,L2,3,stepwise,2,469,134,3542.7,False,2,ok,False
qwenvl7b,25386,L2,3,stepwise,0,469,125,3317.0,False,2,ok,False
qwenvl7b,36539,L2,2,stepwise,0,469,103,2755.0,False,2,ok,True
qwenvl7b,139077,L1,1,stepwise,0,469,66,1806.1,False,1,ok,True
qwenvl7b,450303,L3,6,stepwise,2,469,107,2858.5,False,5,ok,False
qwenvl7b,153529,L4,8,stepwise,0,469,157,4142.9,False,5,ok,False
qwenvl7b,455555,L2,2,stepwise,0,469,86,2325.2,False,2,ok,True
qwenvl7b,268378,L4,9,direct,2,440,2,178.8,False,9,ok,True
qwenvl7b,246883,L2,2,direct,0,440,2,177.9,False,2,ok,True
qwenvl7b,18150,L2,2,stepwise,0,469,94,2530.1,False,2,ok,True
qwenvl7b,554002,L4,10,stepwise,0,469,117,3217.9,False,5,ok,False
qwenvl7b,213547,L2,2,direct,2,440,2,176.4,False,2,ok,True
qwenvl7b,554002,L4,10,stepwise,1,469,117,3124.4,False,5,ok,False
qwenvl7b,169076,L2,2,stepwise,0,469,96,2583.9,False,2,ok,True
qwenvl7b,357748,L3,4,direct,0,440,2,178.5,False,3,ok,False
qwenvl7b,201426,L2,2,stepwise,2,469,77,2095.6,False,2,ok,True
qwenvl7b,130699,L3,7,stepwise,0,469,163,4306.5,False,6,ok,False
qwenvl7b,357748,L3,4,stepwise,2,469,56,1559.8,False,0,ok,False
qwenvl7b,173799,L2,2,stepwise,0,469,114,3052.1,False,2,ok,True
qwenvl7b,201426,L2,2,stepwise,0,469,77,2100.4,False,2,ok,True
qwenvl7b,301563,L2,3,stepwise,1,469,71,1946.5,False,3,ok,True
qwenvl7b,31093,L2,3,direct,1,440,2,176.9,False,2,ok,False
qwenvl7b,361147,L4,9,direct,1,440,2,178.7,False,8,ok,False
qwenvl7b,96493,L1,1,direct,0,440,2,178.4,False,1,ok,True
qwenvl7b,117719,L1,1,stepwise,1,469,77,2105.9,False,1,ok,True
qwenvl7b,2006,L2,3,stepwise,1,469,134,3574.3,False,2,ok,False
qwenvl7b,153529,L4,8,direct,2,440,2,177.6,False,5,ok,False
qwenvl7b,126137,L4,13,stepwise,2,469,144,3839.7,False,7,ok,False
qwenvl7b,361586,L3,4,stepwise,0,469,125,3347.2,False,4,ok,True
qwenvl7b,464824,L1,1,direct,0,440,2,177.5,False,1,ok,True
qwenvl7b,89296,L2,2,stepwise,0,469,114,3064.0,False,2,ok,True
qwenvl7b,114049,L3,6,stepwise,1,469,118,3166.7,False,4,ok,False
qwenvl7b,301563,L2,3,direct,1,440,2,178.0,False,3,ok,True
qwenvl7b,323496,L3,6,direct,2,440,2,178.4,False,6,ok,True
qwenvl7b,442456,L2,2,direct,0,440,2,178.9,False,2,ok,True
qwenvl7b,566923,L4,10,direct,0,440,3,203.9,False,10,ok,True
qwenvl7b,465836,L2,3,direct,1,440,2,177.8,False,3,ok,True
qwenvl7b,2006,L2,3,direct,2,440,2,178.6,False,2,ok,False
qwenvl7b,127270,L3,5,stepwise,2,469,167,4441.8,False,5,ok,True
qwenvl7b,165681,L4,12,direct,2,440,3,204.3,False,10,ok,False
qwenvl7b,562207,L2,3,stepwise,2,469,106,2862.2,False,3,ok,True
qwenvl7b,377588,L3,6,direct,0,440,2,177.2,False,6,ok,True
qwenvl7b,417249,L3,5,stepwise,0,469,140,3745.1,False,4,ok,False
qwenvl7b,554595,L1,1,stepwise,0,469,95,2577.2,False,1,ok,True
qwenvl7b,562207,L2,3,stepwise,1,469,106,2863.9,False,3,ok,True
qwenvl7b,537270,L2,3,direct,1,440,2,177.9,False,3,ok,True
qwenvl7b,301563,L2,3,direct,0,440,2,179.0,False,3,ok,True
qwenvl7b,165681,L4,12,direct,1,440,3,205.1,False,10,ok,False
qwenvl7b,425906,L4,13,direct,0,440,3,204.9,False,15,ok,False
qwenvl7b,455555,L2,2,stepwise,1,469,86,2349.1,False,2,ok,True
qwenvl7b,117719,L1,1,stepwise,0,469,77,2112.7,False,1,ok,True
qwenvl7b,562207,L2,3,direct,2,440,2,178.5,False,3,ok,True
qwenvl7b,169076,L2,2,direct,2,440,2,178.5,False,2,ok,True
qwenvl7b,402774,L1,1,direct,1,440,2,178.6,False,1,ok,True
qwenvl7b,361586,L3,4,direct,2,440,2,179.5,False,7,ok,False
qwenvl7b,507037,L4,14,stepwise,2,469,179,4761.3,False,9,ok,False
qwenvl7b,188465,L4,14,direct,2,440,4,230.4,False,100,ok,False
qwenvl7b,465180,L3,6,direct,0,440,2,178.0,False,5,ok,False
qwenvl7b,562207,L2,3,direct,0,440,2,179.0,False,3,ok,True
qwenvl7b,18150,L2,2,direct,2,440,2,179.3,False,2,ok,True
qwenvl7b,480985,L4,8,direct,1,440,2,182.0,False,6,ok,False
qwenvl7b,528314,L4,9,direct,2,440,3,205.7,False,12,ok,False
qwenvl7b,220764,L1,1,stepwise,2,469,93,2530.7,False,1,ok,True
qwenvl7b,82715,L1,1,direct,2,440,2,178.4,False,1,ok,True
qwenvl7b,253386,L2,2,stepwise,1,469,89,2427.4,False,2,ok,True
qwenvl7b,265816,L1,1,direct,0,440,2,178.5,False,1,ok,True
qwenvl7b,309173,L1,1,direct,2,440,2,179.0,False,0,ok,False
qwenvl7b,500478,L4,14,stepwise,2,469,115,3106.5,False,16,ok,False
qwenvl7b,89648,L4,11,stepwise,1,469,187,4978.2,False,8,ok,False
qwenvl7b,415748,L1,1,stepwise,2,469,80,2199.3,False,1,ok,True
qwenvl7b,465180,L3,6,stepwise,2,469,131,3520.4,False,4,ok,False
qwenvl7b,470924,L4,14,direct,0,440,2,179.2,False,5,ok,False
qwenvl7b,170613,L2,2,stepwise,0,469,103,2794.7,False,2,ok,True
qwenvl7b,55167,L3,6,stepwise,0,469,137,3676.1,False,1,ok,False
qwenvl7b,303863,L3,7,stepwise,2,469,132,3545.0,False,0,ok,False
qwenvl7b,1761,L3,5,stepwise,2,469,36,1055.6,False,0,ok,False
qwenvl7b,102820,L1,1,direct,0,440,2,179.5,False,1,ok,True
qwenvl7b,473869,L1,1,stepwise,2,469,69,1911.8,False,1,ok,True
qwenvl7b,269121,L1,1,stepwise,0,469,83,2279.7,False,1,ok,True
qwenvl7b,527528,L2,2,direct,1,440,2,179.4,False,0,ok,False
qwenvl7b,208363,L4,14,stepwise,2,469,191,5096.3,False,16,ok,False
qwenvl7b,157756,L4,10,stepwise,1,469,134,3606.9,False,3,ok,False
qwenvl7b,159791,L4,8,direct,0,440,2,179.0,False,0,ok,False
qwenvl7b,192670,L4,9,direct,0,440,2,180.3,False,5,ok,False
qwenvl7b,416451,L2,2,direct,0,440,2,179.1,False,3,ok,False
qwenvl7b,465836,L2,3,direct,2,440,2,180.2,False,3,ok,True
qwenvl7b,471789,L4,12,stepwise,2,469,120,3238.2,False,8,ok,False
qwenvl7b,359833,L1,1,direct,1,440,2,179.5,False,1,ok,True
qwenvl7b,415748,L1,1,direct,1,440,2,179.8,False,1,ok,True
qwenvl7b,394199,L1,1,direct,1,440,2,179.5,False,1,ok,True
qwenvl7b,3255,L3,6,stepwise,1,469,71,1967.6,False,4,ok,False
qwenvl7b,220764,L1,1,stepwise,1,469,93,2533.0,False,1,ok,True
qwenvl7b,578489,L3,7,direct,1,440,2,179.6,False,6,ok,False
qwenvl7b,562207,L2,3,direct,1,440,2,179.1,False,3,ok,True
qwenvl7b,377588,L3,6,direct,1,440,2,179.1,False,6,ok,True
qwenvl7b,111086,L3,4,stepwise,1,469,94,2559.5,False,1,ok,False
qwenvl7b,330396,L3,5,stepwise,0,469,144,3868.9,False,6,ok,False
qwenvl7b,36539,L2,2,direct,0,440,2,180.2,False,2,ok,True
qwenvl7b,411754,L3,5,direct,1,440,2,179.1,False,4,ok,False
qwenvl7b,18150,L2,2,direct,1,440,2,179.7,False,2,ok,True
qwenvl7b,568195,L2,3,direct,0,440,2,179.8,False,3,ok,True
qwenvl7b,554595,L1,1,stepwise,1,469,95,2589.8,False,1,ok,True
qwenvl7b,157756,L4,10,direct,2,440,2,179.2,False,4,ok,False
qwenvl7b,157756,L4,10,stepwise,2,469,134,3611.4,False,3,ok,False
qwenvl7b,231580,L3,7,direct,2,440,2,179.5,False,7,ok,True
qwenvl7b,327701,L3,4,direct,2,440,2,180.1,False,3,ok,False
qwenvl7b,465836,L2,3,stepwise,1,469,90,2457.5,False,3,ok,True
qwenvl7b,14439,L4,14,stepwise,1,469,153,4101.3,False,5,ok,False
qwenvl7b,481390,L4,14,direct,2,440,3,205.2,False,25,ok,False
qwenvl7b,548246,L3,4,stepwise,1,469,131,3523.2,False,4,ok,True
qwenvl7b,3255,L3,6,direct,1,440,2,179.8,False,5,ok,False
qwenvl7b,535608,L3,5,direct,2,440,2,180.2,False,5,ok,True
qwenvl7b,70739,L2,3,direct,0,440,2,182.2,False,2,ok,False
qwenvl7b,82715,L1,1,stepwise,0,469,42,1211.3,False,1,ok,True
qwenvl7b,366884,L1,1,stepwise,2,469,95,2590.8,False,1,ok,True
qwenvl7b,98287,L4,14,stepwise,1,469,111,3007.1,False,3,ok,False
qwenvl7b,527528,L2,2,stepwise,2,469,80,2205.7,False,0,ok,False
qwenvl7b,554595,L1,1,stepwise,2,469,95,2589.7,False,1,ok,True
qwenvl7b,416451,L2,2,stepwise,0,469,103,2791.9,False,3,ok,False
qwenvl7b,481390,L4,14,stepwise,0,469,512,13742.2,True,32,fallback_last_number,False
qwenvl7b,117719,L1,1,direct,0,440,2,179.5,False,1,ok,True
qwenvl7b,74200,L3,6,stepwise,1,469,28,856.2,False,0,ok,False
qwenvl7b,180487,L2,2,stepwise,0,469,116,3130.6,False,2,ok,True
qwenvl7b,36539,L2,2,stepwise,2,469,103,2796.8,False,2,ok,True
qwenvl7b,357816,L3,4,direct,0,440,2,180.0,False,5,ok,False
qwenvl7b,548246,L3,4,direct,2,440,2,180.4,False,4,ok,True
qwenvl7b,411754,L3,5,stepwise,0,469,129,3484.8,False,2,ok,False
qwenvl7b,442456,L2,2,direct,1,440,2,179.0,False,2,ok,True
qwenvl7b,269121,L1,1,direct,1,440,2,179.8,False,1,ok,True
qwenvl7b,464824,L1,1,direct,1,440,2,179.6,False,1,ok,True
qwenvl7b,102820,L1,1,direct,1,440,2,180.0,False,1,ok,True
qwenvl7b,511647,L1,1,direct,1,440,2,179.9,False,1,ok,True
qwenvl7b,253386,L2,2,direct,1,440,2,180.2,False,2,ok,True
qwenvl7b,330396,L3,5,direct,1,440,2,179.2,False,5,ok,True
qwenvl7b,208363,L4,14,direct,2,440,3,204.8,False,15,ok,False
qwenvl7b,153529,L4,8,stepwise,1,469,157,4203.5,False,5,ok,False
qwenvl7b,188296,L3,7,direct,2,440,2,179.6,False,6,ok,False
qwenvl7b,224664,L4,8,stepwise,2,469,136,3665.4,False,5,fallback_last_number,False
qwenvl7b,402774,L1,1,stepwise,1,469,49,1397.7,False,1,ok,True
qwenvl7b,180487,L2,2,stepwise,2,469,116,3135.1,False,2,ok,True
qwenvl7b,265816,L1,1,direct,2,440,2,179.2,False,1,ok,True
qwenvl7b,153529,L4,8,direct,0,440,2,181.1,False,5,ok,False
qwenvl7b,188296,L3,7,stepwise,0,469,144,3870.2,False,6,ok,False
qwenvl7b,213547,L2,2,stepwise,2,469,85,2328.7,False,2,ok,True
qwenvl7b,416451,L2,2,direct,1,440,2,179.8,False,3,ok,False
qwenvl7b,44590,L4,12,stepwise,2,469,103,2807.3,False,4,ok,False
qwenvl7b,89648,L4,11,direct,0,440,3,206.1,False,10,ok,False
qwenvl7b,568195,L2,3,stepwise,0,469,86,2360.3,False,3,ok,True
qwenvl7b,170613,L2,2,stepwise,2,469,103,2791.5,False,2,ok,True
qwenvl7b,132544,L4,10,direct,0,440,2,179.6,False,5,ok,False
qwenvl7b,506656,L1,1,direct,0,440,2,179.9,False,1,ok,True
qwenvl7b,159791,L4,8,stepwise,2,469,53,1502.5,False,0,ok,False
qwenvl7b,122672,L1,1,direct,2,440,2,179.0,False,1,ok,True
qwenvl7b,537270,L2,3,direct,2,440,2,180.5,False,3,ok,True
qwenvl7b,535608,L3,5,direct,0,440,2,180.1,False,5,ok,True
qwenvl7b,470924,L4,14,direct,1,440,2,180.3,False,5,ok,False
qwenvl7b,528314,L4,9,direct,1,440,3,206.6,False,12,ok,False
qwenvl7b,220764,L1,1,direct,0,440,2,179.6,False,1,ok,True
qwenvl7b,548246,L3,4,stepwise,0,469,131,3532.0,False,4,ok,True
qwenvl7b,130699,L3,7,direct,1,440,2,179.2,False,6,ok,False
qwenvl7b,284764,L1,1,direct,2,440,2,179.5,False,1,ok,True
qwenvl7b,427338,L2,2,stepwise,1,469,84,2304.9,False,2,ok,True
qwenvl7b,471789,L4,12,stepwise,0,469,120,3251.0,False,8,ok,False
qwenvl7b,126137,L4,13,direct,1,440,3,206.0,False,10,ok,False
qwenvl7b,132544,L4,10,stepwise,2,469,170,4554.7,False,3,ok,False
qwenvl7b,471789,L4,12,direct,1,440,2,180.2,False,8,ok,False
qwenvl7b,361586,L3,4,direct,0,440,2,181.7,False,7,ok,False
qwenvl7b,208363,L4,14,direct,1,440,3,208.3,False,15,ok,False
qwenvl7b,402774,L1,1,direct,2,440,2,180.6,False,1,ok,True
qwenvl7b,477805,L2,2,direct,2,440,2,179.6,False,1,ok,False
qwenvl7b,82715,L1,1,stepwise,2,469,42,1219.7,False,1,ok,True
qwenvl7b,450303,L3,6,stepwise,1,469,107,2908.7,False,5,ok,False
qwenvl7b,561256,L1,1,stepwise,2,469,78,2155.0,False,1,ok,True
qwenvl7b,274066,L3,5,direct,1,440,2,180.1,False,4,ok,False
qwenvl7b,507037,L4,14,direct,2,440,3,206.5,False,15,ok,False
qwenvl7b,274066,L3,5,stepwise,1,469,144,3865.9,False,3,ok,False
qwenvl7b,507037,L4,14,direct,1,440,3,207.6,False,15,ok,False
qwenvl7b,246883,L2,2,stepwise,1,469,108,2920.8,False,2,ok,True
qwenvl7b,117719,L1,1,stepwise,2,469,77,2121.7,False,1,ok,True
qwenvl7b,578489,L3,7,direct,2,440,2,180.6,False,6,ok,False
qwenvl7b,480985,L4,8,stepwise,2,469,176,4721.5,False,2,ok,False
qwenvl7b,309173,L1,1,stepwise,0,469,45,1298.8,False,0,ok,False
qwenvl7b,377393,L4,10,direct,1,440,3,205.3,False,10,ok,True
qwenvl7b,377393,L4,10,stepwise,2,469,163,4357.9,False,0,ok,False
qwenvl7b,220764,L1,1,direct,1,440,2,179.9,False,1,ok,True
qwenvl7b,188465,L4,14,stepwise,2,469,246,6542.5,False,5,ok,False
qwenvl7b,415748,L1,1,direct,2,440,2,180.1,False,1,ok,True
qwenvl7b,132544,L4,10,stepwise,0,469,170,4546.6,False,3,ok,False
qwenvl7b,169076,L2,2,stepwise,2,469,96,2620.0,False,2,ok,True
qwenvl7b,554595,L1,1,direct,0,440,2,180.0,False,1,ok,True
qwenvl7b,89648,L4,11,direct,2,440,3,206.9,False,10,ok,False
qwenvl7b,139077,L1,1,stepwise,1,469,66,1831.0,False,1,ok,True
qwenvl7b,231580,L3,7,stepwise,1,469,163,4363.4,False,7,ok,True
qwenvl7b,83172,L2,3,stepwise,2,469,97,2650.1,False,3,ok,True
qwenvl7b,3255,L3,6,stepwise,0,469,71,1972.4,False,4,ok,False
qwenvl7b,122672,L1,1,direct,0,440,2,179.5,False,1,ok,True
qwenvl7b,427338,L2,2,stepwise,2,469,84,2300.8,False,2,ok,True
qwenvl7b,497344,L1,1,stepwise,0,469,21,670.8,False,1,ok,True
qwenvl7b,98287,L4,14,stepwise,2,469,111,3015.2,False,3,ok,False
qwenvl7b,477805,L2,2,direct,1,440,2,179.9,False,1,ok,False
qwenvl7b,427338,L2,2,stepwise,0,469,84,2303.8,False,2,ok,True
qwenvl7b,537270,L2,3,stepwise,2,469,130,3509.5,False,3,ok,True
qwenvl7b,83172,L2,3,stepwise,0,469,97,2650.3,False,3,ok,True
qwenvl7b,394199,L1,1,direct,2,440,2,180.2,False,1,ok,True
qwenvl7b,284764,L1,1,stepwise,1,469,55,1559.5,False,1,ok,True
qwenvl7b,70739,L2,3,stepwise,0,469,143,3836.4,False,2,ok,False
qwenvl7b,173799,L2,2,stepwise,1,469,114,3081.9,False,2,ok,True
qwenvl7b,366884,L1,1,direct,1,440,2,179.8,False,1,ok,True
qwenvl7b,450303,L3,6,direct,2,440,2,180.2,False,5,ok,False
qwenvl7b,1761,L3,5,stepwise,1,469,36,1059.0,False,0,ok,False
qwenvl7b,277020,L3,4,stepwise,2,469,134,3603.0,False,3,ok,False
qwenvl7b,32334,L3,5,stepwise,2,469,121,3280.8,False,4,ok,False
qwenvl7b,268378,L4,9,direct,0,440,2,179.9,False,9,ok,True
qwenvl7b,357748,L3,4,direct,2,440,2,180.7,False,3,ok,False
qwenvl7b,506656,L1,1,stepwise,0,469,52,1478.7,False,1,ok,True
qwenvl7b,188296,L3,7,direct,1,440,2,179.4,False,6,ok,False
qwenvl7b,180487,L2,2,stepwise,1,469,116,3145.9,False,2,ok,True
qwenvl7b,70739,L2,3,direct,2,440,2,179.7,False,2,ok,False
qwenvl7b,390826,L1,1,stepwise,2,469,89,2431.1,False,1,ok,True
qwenvl7b,83172,L2,3,direct,2,440,2,180.2,False,3,ok,True
qwenvl7b,330396,L3,5,direct,0,440,2,181.7,False,5,ok,True
qwenvl7b,173799,L2,2,direct,2,440,2,181.3,False,2,ok,True
qwenvl7b,394199,L1,1,stepwise,1,469,58,1634.8,False,1,ok,True
qwenvl7b,359833,L1,1,direct,0,440,2,179.4,False,1,ok,True
qwenvl7b,415748,L1,1,stepwise,0,469,80,2206.3,False,1,ok,True
qwenvl7b,361586,L3,4,stepwise,2,469,125,3372.9,False,4,ok,True
qwenvl7b,62355,L3,5,stepwise,2,469,85,2332.9,False,4,ok,False
qwenvl7b,83172,L2,3,direct,0,440,2,180.0,False,3,ok,True
qwenvl7b,470924,L4,14,stepwise,2,469,121,3261.1,False,4,ok,False
qwenvl7b,361147,L4,9,direct,0,440,2,179.7,False,8,ok,False
qwenvl7b,192670,L4,9,stepwise,1,469,75,2067.2,False,5,ok,False
qwenvl7b,154087,L3,4,direct,2,440,2,179.7,False,4,ok,True
qwenvl7b,3255,L3,6,direct,2,440,2,180.0,False,5,ok,False
qwenvl7b,465180,L3,6,stepwise,0,469,131,3529.4,False,4,ok,False
qwenvl7b,394199,L1,1,stepwise,2,469,58,1624.7,False,1,ok,True
qwenvl7b,154087,L3,4,stepwise,2,469,154,4125.0,False,3,ok,False
qwenvl7b,25386,L2,3,stepwise,1,469,125,3367.5,False,2,ok,False
qwenvl7b,165681,L4,12,stepwise,1,469,125,3379.3,False,1,ok,False
qwenvl7b,3553,L1,1,direct,0,440,2,179.6,False,1,ok,True
qwenvl7b,330396,L3,5,stepwise,1,469,144,3865.1,False,6,ok,False
qwenvl7b,471789,L4,12,direct,2,440,2,179.9,False,8,ok,False
qwenvl7b,130699,L3,7,direct,2,440,2,181.0,False,6,ok,False
qwenvl7b,170613,L2,2,direct,2,440,2,183.2,False,2,ok,True
qwenvl7b,55167,L3,6,direct,0,440,2,181.7,False,4,ok,False
qwenvl7b,473869,L1,1,direct,0,440,2,181.0,False,1,ok,True
qwenvl7b,111086,L3,4,direct,1,440,2,179.5,False,2,ok,False
qwenvl7b,153529,L4,8,stepwise,2,469,157,4211.8,False,5,ok,False
qwenvl7b,3553,L1,1,direct,1,440,2,179.7,False,1,ok,True
qwenvl7b,548246,L3,4,direct,1,440,2,179.4,False,4,ok,True
qwenvl7b,415748,L1,1,direct,0,440,2,180.4,False,1,ok,True
qwenvl7b,36936,L2,2,direct,1,440,2,181.0,False,2,ok,True
qwenvl7b,6771,L4,8,direct,2,440,2,181.4,False,7,ok,False
qwenvl7b,102820,L1,1,direct,2,440,2,179.7,False,1,ok,True
qwenvl7b,390826,L1,1,direct,1,440,2,179.8,False,1,ok,True
qwenvl7b,561256,L1,1,stepwise,1,469,78,2148.7,False,1,ok,True
qwenvl7b,96493,L1,1,stepwise,2,469,69,1915.6,False,1,ok,True
qwenvl7b,1584,L4,11,stepwise,1,469,127,3420.4,False,0,ok,False
qwenvl7b,284764,L1,1,stepwise,2,469,55,1547.2,False,1,ok,True
qwenvl7b,561256,L1,1,direct,0,440,2,179.1,False,1,ok,True
qwenvl7b,74200,L3,6,stepwise,2,469,28,854.7,False,0,ok,False
qwenvl7b,301563,L2,3,stepwise,2,469,71,1970.3,False,3,ok,True
qwenvl7b,159791,L4,8,stepwise,0,469,53,1499.5,False,0,ok,False
qwenvl7b,327701,L3,4,direct,1,440,2,179.8,False,3,ok,False
qwenvl7b,425906,L4,13,stepwise,0,469,89,2435.8,False,11,ok,False
qwenvl7b,89296,L2,2,stepwise,2,469,114,3085.7,False,2,ok,True
qwenvl7b,25386,L2,3,direct,1,440,2,179.5,False,2,ok,False
qwenvl7b,480985,L4,8,direct,2,440,2,179.7,False,6,ok,False
qwenvl7b,201426,L2,2,direct,1,440,2,179.8,False,2,ok,True
qwenvl7b,554002,L4,10,stepwise,2,469,117,3168.3,False,5,ok,False
qwenvl7b,477805,L2,2,direct,0,440,2,179.7,False,1,ok,False
qwenvl7b,180487,L2,2,direct,1,440,2,181.9,False,2,ok,True
qwenvl7b,117425,L2,3,direct,2,440,2,184.3,False,2,ok,False
qwenvl7b,55167,L3,6,stepwise,1,469,137,3686.1,False,1,ok,False
qwenvl7b,284764,L1,1,direct,1,440,2,178.6,False,1,ok,True
qwenvl7b,390826,L1,1,stepwise,0,469,89,2432.4,False,1,ok,True
qwenvl7b,285047,L1,1,direct,1,440,2,179.5,False,1,ok,True
qwenvl7b,102820,L1,1,stepwise,0,469,64,1781.8,False,1,ok,True
qwenvl7b,126137,L4,13,direct,0,440,3,206.1,False,10,ok,False
qwenvl7b,425906,L4,13,stepwise,2,469,89,2431.0,False,11,ok,False
qwenvl7b,213547,L2,2,stepwise,0,469,85,2327.1,False,2,ok,True
qwenvl7b,285047,L1,1,stepwise,1,469,79,2173.5,False,1,ok,True
qwenvl7b,465180,L3,6,direct,1,440,2,179.6,False,5,ok,False
qwenvl7b,427338,L2,2,direct,0,440,2,180.5,False,2,ok,True
qwenvl7b,568195,L2,3,stepwise,1,469,86,2358.8,False,3,ok,True
qwenvl7b,473869,L1,1,stepwise,0,469,69,1911.7,False,1,ok,True
qwenvl7b,122672,L1,1,stepwise,1,469,65,1811.4,False,1,ok,True
qwenvl7b,566923,L4,10,direct,1,440,3,204.8,False,10,ok,True
qwenvl7b,1584,L4,11,stepwise,2,469,127,3422.2,False,0,ok,False
qwenvl7b,377588,L3,6,stepwise,1,469,143,3837.8,False,5,ok,False
qwenvl7b,473869,L1,1,direct,1,440,2,178.7,False,1,ok,True
qwenvl7b,84477,L1,1,stepwise,0,469,96,2610.7,False,1,ok,True
qwenvl7b,117425,L2,3,stepwise,1,469,92,2510.7,False,2,ok,False
qwenvl7b,578489,L3,7,stepwise,1,469,179,4770.5,False,6,ok,False
qwenvl7b,402774,L1,1,stepwise,2,469,49,1392.2,False,1,ok,True
qwenvl7b,497344,L1,1,stepwise,2,469,21,668.5,False,1,ok,True
qwenvl7b,354307,L1,1,direct,2,440,2,179.9,False,1,ok,True
qwenvl7b,169076,L2,2,stepwise,1,469,96,2617.0,False,2,ok,True
qwenvl7b,442456,L2,2,stepwise,1,469,66,1832.4,False,2,ok,True
qwenvl7b,284764,L1,1,stepwise,0,469,55,1547.0,False,1,ok,True
qwenvl7b,220764,L1,1,stepwise,0,469,93,2537.1,False,1,ok,True
qwenvl7b,126137,L4,13,stepwise,0,469,144,3860.0,False,7,ok,False
qwenvl7b,55167,L3,6,stepwise,2,469,137,3679.7,False,1,ok,False
qwenvl7b,159791,L4,8,stepwise,1,469,53,1496.0,False,0,ok,False
qwenvl7b,130699,L3,7,stepwise,2,469,163,4354.8,False,6,ok,False
qwenvl7b,442456,L2,2,stepwise,0,469,66,1834.9,False,2,ok,True
qwenvl7b,394199,L1,1,direct,0,440,2,178.4,False,1,ok,True
qwenvl7b,154087,L3,4,direct,0,440,2,179.1,False,4,ok,True
qwenvl7b,208363,L4,14,stepwise,0,469,191,5087.0,False,16,ok,False
qwenvl7b,246883,L2,2,stepwise,0,469,108,2923.9,False,2,ok,True
qwenvl7b,506656,L1,1,direct,2,440,2,179.3,False,1,ok,True
qwenvl7b,44590,L4,12,stepwise,0,469,103,2796.5,False,4,ok,False
qwenvl7b,213547,L2,2,stepwise,1,469,85,2322.8,False,2,ok,True
qwenvl7b,301563,L2,3,stepwise,0,469,71,1965.0,False,3,ok,True
qwenvl7b,44590,L4,12,direct,2,440,3,205.1,False,12,ok,True
qwenvl7b,481390,L4,14,stepwise,1,469,512,13556.7,True,32,fallback_last_number,False
qwenvl7b,274066,L3,5,stepwise,2,469,144,3857.6,False,3,ok,False
qwenvl7b,361147,L4,9,stepwise,2,469,190,5057.5,False,3,ok,False
qwenvl7b,122672,L1,1,stepwise,2,469,65,1805.9,False,1,ok,True
qwenvl7b,89296,L2,2,direct,0,440,2,179.3,False,2,ok,True
qwenvl7b,25386,L2,3,stepwise,2,469,125,3365.2,False,2,ok,False
qwenvl7b,74200,L3,6,direct,1,440,2,179.5,False,0,ok,False
qwenvl7b,465836,L2,3,stepwise,0,469,90,2455.2,False,3,ok,True
qwenvl7b,377393,L4,10,direct,2,440,3,204.8,False,10,ok,True
qwenvl7b,527528,L2,2,stepwise,0,469,80,2194.7,False,0,ok,False
qwenvl7b,450303,L3,6,stepwise,0,469,107,2898.3,False,5,ok,False
qwenvl7b,535608,L3,5,stepwise,0,469,82,2247.4,False,4,ok,False
qwenvl7b,159791,L4,8,direct,1,440,2,181.8,False,0,ok,False
qwenvl7b,527528,L2,2,direct,0,440,2,180.5,False,0,ok,False
qwenvl7b,477805,L2,2,stepwise,2,469,47,1343.8,False,1,ok,False
qwenvl7b,277020,L3,4,direct,1,440,2,179.2,False,3,ok,False
qwenvl7b,303863,L3,7,direct,1,440,2,178.7,False,4,ok,False
qwenvl7b,6771,L4,8,direct,1,440,2,179.2,False,7,ok,False
qwenvl7b,84477,L1,1,stepwise,1,469,96,2610.0,False,1,ok,True
qwenvl7b,82715,L1,1,direct,0,440,2,179.1,False,1,ok,True
qwenvl7b,303863,L3,7,direct,0,440,2,179.9,False,4,ok,False
qwenvl7b,157756,L4,10,stepwise,0,469,134,3599.3,False,3,ok,False
qwenvl7b,332570,L1,1,direct,1,440,2,178.6,False,1,ok,True
qwenvl7b,507037,L4,14,stepwise,0,469,179,4770.4,False,9,ok,False
qwenvl7b,201426,L2,2,direct,0,440,2,179.5,False,2,ok,True
qwenvl7b,188465,L4,14,stepwise,1,469,246,6524.6,False,5,ok,False
qwenvl7b,535608,L3,5,stepwise,2,469,82,2246.9,False,4,ok,False
qwenvl7b,537270,L2,3,direct,0,440,2,178.3,False,3,ok,True
qwenvl7b,578489,L3,7,direct,0,440,2,179.5,False,6,ok,False
qwenvl7b,542127,L4,14,stepwise,2,469,114,3077.2,False,12,ok,False
qwenvl7b,114049,L3,6,direct,1,440,2,178.6,False,6,ok,True
qwenvl7b,359833,L1,1,stepwise,2,469,69,1911.3,False,1,ok,True
qwenvl7b,188465,L4,14,stepwise,0,469,246,6521.0,False,5,ok,False
qwenvl7b,31093,L2,3,stepwise,2,469,85,2322.7,False,2,ok,False
qwenvl7b,455555,L2,2,direct,1,440,2,178.8,False,2,ok,True
qwenvl7b,2006,L2,3,direct,0,440,2,179.1,False,2,ok,False
qwenvl7b,497344,L1,1,direct,1,440,2,179.3,False,1,ok,True
qwenvl7b,277020,L3,4,direct,0,440,2,179.6,False,3,ok,False
qwenvl7b,173799,L2,2,stepwise,2,469,114,3076.6,False,2,ok,True
qwenvl7b,1584,L4,11,direct,1,440,2,179.6,False,5,ok,False
qwenvl7b,70739,L2,3,stepwise,2,469,143,3833.1,False,2,ok,False
qwenvl7b,357816,L3,4,stepwise,1,469,121,3260.2,False,5,ok,False
qwenvl7b,246883,L2,2,stepwise,2,469,108,2923.8,False,2,ok,True
qwenvl7b,1584,L4,11,direct,2,440,2,178.4,False,5,ok,False
qwenvl7b,89296,L2,2,stepwise,1,469,114,3077.0,False,2,ok,True
qwenvl7b,126137,L4,13,stepwise,1,469,144,3856.5,False,7,ok,False
qwenvl7b,14439,L4,14,direct,0,440,3,205.0,False,15,ok,False
qwenvl7b,394199,L1,1,stepwise,0,469,58,1626.8,False,1,ok,True
qwenvl7b,98287,L4,14,direct,2,440,3,205.2,False,10,ok,False
qwenvl7b,173799,L2,2,direct,0,440,2,179.3,False,2,ok,True
qwenvl7b,6771,L4,8,stepwise,2,469,164,4381.2,False,7,ok,False
qwenvl7b,130699,L3,7,stepwise,1,469,163,4352.0,False,6,ok,False
qwenvl7b,265816,L1,1,stepwise,0,469,63,1756.0,False,1,ok,True
qwenvl7b,127270,L3,5,direct,0,440,2,179.0,False,5,ok,True
qwenvl7b,507037,L4,14,stepwise,1,469,179,4769.5,False,9,ok,False
qwenvl7b,82715,L1,1,stepwise,1,469,42,1210.4,False,1,ok,True
qwenvl7b,465836,L2,3,direct,0,440,2,178.2,False,3,ok,True
qwenvl7b,411754,L3,5,stepwise,2,469,129,3466.6,False,2,ok,False
qwenvl7b,170613,L2,2,direct,0,440,2,178.8,False,2,ok,True
qwenvl7b,323496,L3,6,stepwise,2,469,167,4454.9,False,6,ok,True
qwenvl7b,32334,L3,5,stepwise,0,469,121,3261.3,False,4,ok,False
qwenvl7b,497344,L1,1,direct,0,440,2,178.8,False,1,ok,True
qwenvl7b,357816,L3,4,direct,2,440,2,179.4,False,5,ok,False
qwenvl7b,578489,L3,7,stepwise,2,469,179,4769.9,False,6,ok,False
qwenvl7b,277020,L3,4,stepwise,1,469,134,3597.0,False,3,ok,False
qwenvl7b,246883,L2,2,direct,1,440,2,179.1,False,2,ok,True
qwenvl7b,361147,L4,9,stepwise,1,469,190,5055.6,False,3,ok,False
qwenvl7b,18150,L2,2,stepwise,1,469,94,2557.7,False,2,ok,True
qwenvl7b,268378,L4,9,stepwise,0,469,151,4039.7,False,8,ok,False
qwenvl7b,31093,L2,3,direct,2,440,2,179.1,False,2,ok,False
qwenvl7b,269121,L1,1,stepwise,2,469,83,2270.8,False,1,ok,True
qwenvl7b,327701,L3,4,direct,0,440,2,178.9,False,3,ok,False
qwenvl7b,18150,L2,2,stepwise,2,469,94,2558.5,False,2,ok,True
qwenvl7b,477441,L2,3,stepwise,2,469,151,4038.3,False,1,ok,False
qwenvl7b,157756,L4,10,direct,0,440,2,179.5,False,4,ok,False
qwenvl7b,84477,L1,1,stepwise,2,469,96,2611.2,False,1,ok,True
qwenvl7b,188465,L4,14,direct,1,440,4,231.4,False,100,ok,False
qwenvl7b,201426,L2,2,stepwise,1,469,77,2116.7,False,2,ok,True
qwenvl7b,188296,L3,7,stepwise,1,469,144,3855.9,False,6,ok,False
qwenvl7b,44590,L4,12,direct,0,440,3,204.1,False,12,ok,True
qwenvl7b,89648,L4,11,stepwise,0,469,187,4977.8,False,8,ok,False
qwenvl7b,542127,L4,14,direct,2,440,3,205.6,False,17,ok,False
qwenvl7b,464824,L1,1,stepwise,0,469,58,1627.3,False,1,ok,True
qwenvl7b,170613,L2,2,direct,1,440,2,179.0,False,2,ok,True
qwenvl7b,246883,L2,2,direct,2,440,2,179.0,False,2,ok,True
qwenvl7b,89296,L2,2,direct,1,440,2,178.6,False,2,ok,True
qwenvl7b,450303,L3,6,direct,0,440,2,179.7,False,5,ok,False
qwenvl7b,327701,L3,4,stepwise,0,469,96,2610.3,False,3,ok,False
qwenvl7b,111086,L3,4,direct,0,440,2,178.8,False,2,ok,False
qwenvl7b,231580,L3,7,stepwise,0,469,163,4349.3,False,7,ok,True
qwenvl7b,269121,L1,1,direct,2,440,2,179.1,False,1,ok,True
qwenvl7b,55167,L3,6,direct,2,440,2,179.2,False,4,ok,False
qwenvl7b,274066,L3,5,stepwise,0,469,144,3856.5,False,3,ok,False
qwenvl7b,323496,L3,6,direct,0,440,2,178.9,False,6,ok,True
qwenvl7b,477441,L2,3,stepwise,0,469,151,4042.3,False,1,ok,False
qwenvl7b,25386,L2,3,direct,0,440,2,178.7,False,2,ok,False
qwenvl7b,180487,L2,2,direct,0,440,2,178.7,False,2,ok,True
qwenvl7b,25386,L2,3,direct,2,440,2,179.1,False,2,ok,False
qwenvl7b,477441,L2,3,direct,1,440,2,179.6,False,0,ok,False
qwenvl7b,130699,L3,7,direct,0,440,2,179.6,False,6,ok,False
qwenvl7b,477441,L2,3,direct,0,440,2,179.7,False,0,ok,False
qwenvl7b,285047,L1,1,stepwise,2,469,79,2167.4,False,1,ok,True
qwenvl7b,535608,L3,5,stepwise,1,469,82,2246.3,False,4,ok,False
qwenvl7b,84477,L1,1,direct,2,440,2,178.2,False,1,ok,True
qwenvl7b,511647,L1,1,stepwise,2,469,93,2533.0,False,1,ok,True
qwenvl7b,268378,L4,9,direct,1,440,2,178.5,False,9,ok,True
qwenvl7b,542127,L4,14,stepwise,1,469,114,3081.6,False,12,ok,False
qwenvl7b,192670,L4,9,direct,1,440,2,179.5,False,5,ok,False
qwenvl7b,1761,L3,5,direct,1,440,2,180.4,False,0,ok,False
qwenvl7b,535608,L3,5,direct,1,440,2,179.9,False,5,ok,True
qwenvl7b,511647,L1,1,direct,0,440,2,179.6,False,1,ok,True
qwenvl7b,188296,L3,7,direct,0,440,2,178.8,False,6,ok,False
qwenvl7b,309173,L1,1,direct,0,440,2,178.8,False,0,ok,False
qwenvl7b,31093,L2,3,stepwise,0,469,85,2326.7,False,2,ok,False
qwenvl7b,114049,L3,6,direct,0,440,2,178.5,False,6,ok,True
qwenvl7b,354307,L1,1,direct,0,440,2,179.3,False,1,ok,True
qwenvl7b,111086,L3,4,direct,2,440,2,179.0,False,2,ok,False
qwenvl7b,122672,L1,1,stepwise,0,469,65,1807.6,False,1,ok,True
qwenvl7b,224664,L4,8,stepwise,0,469,136,3647.8,False,5,fallback_last_number,False
qwenvl7b,154087,L3,4,direct,1,440,2,179.2,False,4,ok,True
qwenvl7b,89648,L4,11,stepwise,2,469,187,4978.5,False,8,ok,False
qwenvl7b,32334,L3,5,direct,1,440,2,178.7,False,5,ok,True
qwenvl7b,527528,L2,2,direct,2,440,2,179.0,False,0,ok,False
qwenvl7b,500478,L4,14,direct,1,440,3,206.7,False,20,ok,False
qwenvl7b,153529,L4,8,direct,1,440,2,180.0,False,5,ok,False
qwenvl7b,566923,L4,10,stepwise,1,469,150,4012.4,False,5,ok,False
qwenvl7b,70739,L2,3,stepwise,1,469,143,3831.0,False,2,ok,False
qwenvl7b,36539,L2,2,direct,1,440,2,178.9,False,2,ok,True
qwenvl7b,411754,L3,5,direct,2,440,2,179.0,False,4,ok,False
qwenvl7b,127270,L3,5,stepwise,0,469,167,4454.7,False,5,ok,True
qwenvl7b,31093,L2,3,direct,0,440,2,179.4,False,2,ok,False
qwenvl7b,390826,L1,1,stepwise,1,469,89,2433.6,False,1,ok,True
qwenvl7b,117719,L1,1,direct,2,440,2,179.4,False,1,ok,True
qwenvl7b,566923,L4,10,direct,2,440,3,205.9,False,10,ok,True
qwenvl7b,44590,L4,12,stepwise,1,469,103,2796.9,False,4,ok,False
qwenvl7b,465180,L3,6,direct,2,440,2,179.0,False,5,ok,False
qwenvl7b,192670,L4,9,stepwise,0,469,75,2064.1,False,5,ok,False
qwenvl7b,32334,L3,5,direct,0,440,2,178.8,False,5,ok,True
qwenvl7b,465180,L3,6,stepwise,1,469,131,3521.9,False,4,ok,False
qwenvl7b,527528,L2,2,stepwise,1,469,80,2196.0,False,0,ok,False
qwenvl7b,268378,L4,9,stepwise,1,469,151,4038.5,False,8,ok,False
qwenvl7b,117425,L2,3,direct,1,440,2,179.5,False,2,ok,False
qwenvl7b,303863,L3,7,stepwise,0,469,132,3547.4,False,0,ok,False
qwenvl7b,6771,L4,8,direct,0,440,2,178.2,False,7,ok,False
qwenvl7b,253386,L2,2,direct,2,440,2,179.1,False,2,ok,True
qwenvl7b,32334,L3,5,direct,2,440,2,179.3,False,5,ok,True
qwenvl7b,561256,L1,1,direct,1,440,2,180.2,False,1,ok,True
qwenvl7b,497344,L1,1,direct,2,440,2,179.8,False,1,ok,True
qwenvl7b,14439,L4,14,stepwise,2,469,153,4092.3,False,5,ok,False
qwenvl7b,417249,L3,5,stepwise,1,469,140,3752.5,False,4,ok,False
qwenvl7b,139077,L1,1,direct,0,440,2,179.2,False,1,ok,True
qwenvl7b,332570,L1,1,direct,0,440,2,180.7,False,1,ok,True
qwenvl7b,208363,L4,14,stepwise,1,469,191,5088.6,False,16,ok,False
qwenvl7b,477441,L2,3,direct,2,440,2,179.4,False,0,ok,False
qwenvl7b,327701,L3,4,stepwise,1,469,96,2610.7,False,3,ok,False
qwenvl7b,377588,L3,6,direct,2,440,2,178.5,False,6,ok,True
qwenvl7b,295420,L1,1,stepwise,2,469,104,2818.0,False,1,ok,True
qwenvl7b,500478,L4,14,direct,0,440,3,206.6,False,20,ok,False
qwenvl7b,180487,L2,2,direct,2,440,2,180.7,False,2,ok,True
qwenvl7b,542127,L4,14,stepwise,0,469,114,3075.6,False,12,ok,False
qwenvl7b,417249,L3,5,direct,0,440,2,179.6,False,4,ok,False
qwenvl7b,36936,L2,2,direct,2,440,2,182.2,False,2,ok,True
qwenvl7b,480985,L4,8,stepwise,0,469,176,4694.6,False,2,ok,False
qwenvl7b,465836,L2,3,stepwise,2,469,90,2453.9,False,3,ok,True
qwenvl7b,554002,L4,10,direct,2,440,2,179.0,False,6,ok,False
qwenvl7b,506656,L1,1,stepwise,2,469,52,1473.5,False,1,ok,True
qwenvl7b,416451,L2,2,stepwise,2,469,103,2788.0,False,3,ok,False
qwenvl7b,127270,L3,5,stepwise,1,469,167,4456.8,False,5,ok,True
qwenvl7b,481390,L4,14,stepwise,2,469,512,13548.4,True,32,fallback_last_number,False
qwenvl7b,366884,L1,1,stepwise,1,469,95,2584.6,False,1,ok,True
qwenvl7b,170613,L2,2,stepwise,1,469,103,2791.2,False,2,ok,True
qwenvl7b,295420,L1,1,direct,0,440,2,179.4,False,0,ok,False
qwenvl7b,561256,L1,1,stepwise,0,469,78,2144.4,False,1,ok,True
qwenvl7b,82715,L1,1,direct,1,440,2,179.0,False,1,ok,True
qwenvl7b,224664,L4,8,direct,1,440,3,207.3,False,10,ok,False
qwenvl7b,554595,L1,1,direct,1,440,2,178.7,False,1,ok,True
qwenvl7b,285047,L1,1,direct,2,440,2,178.8,False,1,ok,True
qwenvl7b,548246,L3,4,stepwise,2,469,131,3517.7,False,4,ok,True
qwenvl7b,548246,L3,4,direct,0,440,2,178.6,False,4,ok,True
qwenvl7b,96493,L1,1,direct,1,440,2,179.9,False,1,ok,True
qwenvl7b,3553,L1,1,stepwise,0,469,106,2868.2,False,1,ok,True
qwenvl7b,96493,L1,1,stepwise,1,469,69,1910.1,False,1,ok,True
qwenvl7b,31093,L2,3,stepwise,1,469,85,2327.8,False,2,ok,False
qwenvl7b,332570,L1,1,stepwise,0,469,28,851.3,False,1,ok,True
qwenvl7b,157756,L4,10,direct,1,440,2,179.2,False,4,ok,False
qwenvl7b,6771,L4,8,stepwise,1,469,164,4379.4,False,7,ok,False
qwenvl7b,169076,L2,2,direct,1,440,2,180.6,False,2,ok,True
qwenvl7b,500478,L4,14,stepwise,1,469,115,3100.8,False,16,ok,False
qwenvl7b,528314,L4,9,stepwise,1,469,107,2895.6,False,8,ok,False
qwenvl7b,165681,L4,12,stepwise,2,469,125,3364.2,False,1,ok,False
qwenvl7b,554002,L4,10,direct,1,440,2,178.3,False,6,ok,False
qwenvl7b,332570,L1,1,stepwise,1,469,28,853.2,False,1,ok,True
qwenvl7b,542127,L4,14,direct,0,440,3,205.3,False,17,ok,False
qwenvl7b,480985,L4,8,direct,0,440,2,179.5,False,6,ok,False
qwenvl7b,36936,L2,2,stepwise,0,469,93,2531.1,False,2,ok,True
qwenvl7b,481390,L4,14,direct,1,440,3,205.4,False,25,ok,False
qwenvl7b,470924,L4,14,stepwise,0,469,121,3258.7,False,4,ok,False
qwenvl7b,269121,L1,1,direct,0,440,2,178.3,False,1,ok,True
qwenvl7b,332570,L1,1,stepwise,2,469,28,847.9,False,1,ok,True
qwenvl7b,231580,L3,7,stepwise,2,469,163,4354.8,False,7,ok,True
qwenvl7b,506656,L1,1,stepwise,1,469,52,1473.2,False,1,ok,True
qwenvl7b,542127,L4,14,direct,1,440,3,206.5,False,17,ok,False
qwenvl7b,62355,L3,5,stepwise,0,469,85,2327.0,False,4,ok,False
qwenvl7b,1584,L4,11,stepwise,0,469,127,3414.0,False,0,ok,False
qwenvl7b,511647,L1,1,stepwise,1,469,93,2531.2,False,1,ok,True
qwenvl7b,36539,L2,2,direct,2,440,2,179.6,False,2,ok,True
qwenvl7b,303863,L3,7,direct,2,440,2,180.2,False,4,ok,False
qwenvl7b,36936,L2,2,stepwise,2,469,93,2531.3,False,2,ok,True
qwenvl7b,330396,L3,5,direct,2,440,2,179.3,False,5,ok,True
qwenvl7b,14439,L4,14,direct,1,440,3,206.2,False,15,ok,False
qwenvl7b,450303,L3,6,direct,1,440,2,179.5,False,5,ok,False
qwenvl7b,366884,L1,1,direct,0,440,2,179.4,False,1,ok,True
qwenvl7b,224664,L4,8,direct,2,440,3,206.0,False,10,ok,False
qwenvl7b,265816,L1,1,direct,1,440,2,178.8,False,1,ok,True
qwenvl7b,32334,L3,5,stepwise,1,469,121,3261.9,False,4,ok,False
qwenvl7b,416451,L2,2,direct,2,440,2,179.5,False,3,ok,False
qwenvl7b,188296,L3,7,stepwise,2,469,144,3857.2,False,6,ok,False
qwenvl7b,425906,L4,13,stepwise,1,469,89,2427.7,False,11,ok,False
qwenvl7b,455555,L2,2,direct,2,440,2,178.8,False,2,ok,True
qwenvl7b,357748,L3,4,stepwise,1,469,56,1576.5,False,0,ok,False
qwenvl7b,455555,L2,2,stepwise,2,469,86,2351.4,False,2,ok,True
qwenvl7b,361586,L3,4,stepwise,1,469,125,3364.7,False,4,ok,True
qwenvl7b,132544,L4,10,direct,2,440,2,179.1,False,5,ok,False
qwenvl7b,201426,L2,2,direct,2,440,2,179.4,False,2,ok,True
qwenvl7b,83172,L2,3,stepwise,1,469,97,2638.0,False,3,ok,True
qwenvl7b,528314,L4,9,stepwise,2,469,107,2893.4,False,8,ok,False
qwenvl7b,480985,L4,8,stepwise,1,469,176,4692.6,False,2,ok,False
qwenvl7b,114049,L3,6,stepwise,0,469,118,3182.0,False,4,ok,False
qwenvl7b,277020,L3,4,direct,2,440,2,179.2,False,3,ok,False
qwenvl7b,359833,L1,1,stepwise,0,469,69,1915.2,False,1,ok,True
qwenvl7b,366884,L1,1,direct,2,440,2,180.1,False,1,ok,True
qwenvl7b,213547,L2,2,direct,1,440,2,180.6,False,2,ok,True
qwenvl7b,159791,L4,8,direct,2,440,2,179.9,False,0,ok,False
qwenvl7b,139077,L1,1,stepwise,2,469,66,1836.1,False,1,ok,True
qwenvl7b,295420,L1,1,stepwise,1,469,104,2819.8,False,1,ok,True
qwenvl7b,114049,L3,6,stepwise,2,469,118,3183.1,False,4,ok,False
qwenvl7b,568195,L2,3,direct,2,440,2,179.7,False,3,ok,True
qwenvl7b,455555,L2,2,direct,0,440,2,181.0,False,2,ok,True
qwenvl7b,295420,L1,1,stepwise,0,469,104,2822.4,False,1,ok,True
qwenvl7b,117425,L2,3,stepwise,2,469,92,2509.5,False,2,ok,False
qwenvl7b,165681,L4,12,stepwise,0,469,125,3363.0,False,1,ok,False
qwenvl7b,84477,L1,1,direct,1,440,2,179.0,False,1,ok,True
qwenvl7b,477805,L2,2,stepwise,0,469,47,1340.4,False,1,ok,False
qwenvl7b,139077,L1,1,direct,2,440,2,179.1,False,1,ok,True
qwenvl7b,500478,L4,14,direct,2,440,3,206.6,False,20,ok,False
qwenvl7b,1761,L3,5,direct,2,440,2,178.9,False,0,ok,False
qwenvl7b,390826,L1,1,direct,2,440,2,180.1,False,1,ok,True
qwenvl7b,354307,L1,1,stepwise,1,469,45,1291.0,False,1,ok,True
qwenvl7b,253386,L2,2,stepwise,0,469,89,2427.1,False,2,ok,True
qwenvl7b,323496,L3,6,direct,1,440,2,178.6,False,6,ok,True
qwenvl7b,62355,L3,5,stepwise,1,469,85,2330.1,False,4,ok,False
qwenvl7b,62355,L3,5,direct,1,440,2,178.9,False,5,ok,True
qwenvl7b,89296,L2,2,direct,2,440,2,178.6,False,2,ok,True
qwenvl7b,309173,L1,1,stepwise,1,469,45,1290.2,False,0,ok,False
qwenvl7b,477441,L2,3,stepwise,1,469,151,4040.2,False,1,ok,False
qwenvl7b,309173,L1,1,stepwise,2,469,45,1287.9,False,0,ok,False
qwenvl7b,473869,L1,1,stepwise,1,469,69,1911.1,False,1,ok,True
qwenvl7b,3553,L1,1,stepwise,2,469,106,2870.3,False,1,ok,True
qwenvl7b,117425,L2,3,direct,0,440,2,178.3,False,2,ok,False
qwenvl7b,36936,L2,2,stepwise,1,469,93,2535.5,False,2,ok,True
qwenvl7b,528314,L4,9,direct,0,440,3,205.3,False,12,ok,False
qwenvl7b,165681,L4,12,direct,0,440,3,206.0,False,10,ok,False
qwenvl7b,417249,L3,5,direct,1,440,2,178.9,False,4,ok,False
qwenvl7b,127270,L3,5,direct,2,440,2,180.4,False,5,ok,True
qwenvl7b,427338,L2,2,direct,2,440,2,180.0,False,2,ok,True
qwenvl7b,357816,L3,4,direct,1,440,2,180.4,False,5,ok,False
qwenvl7b,295420,L1,1,direct,2,440,2,179.3,False,0,ok,False
qwenvl7b,354307,L1,1,direct,1,440,2,180.2,False,1,ok,True
qwenvl7b,102820,L1,1,stepwise,1,469,64,1785.2,False,1,ok,True
qwenvl7b,303863,L3,7,stepwise,1,469,132,3547.2,False,0,ok,False
qwenvl7b,231580,L3,7,direct,1,440,2,179.0,False,7,ok,True
qwenvl7b,1761,L3,5,stepwise,0,469,36,1058.6,False,0,ok,False
qwenvl7b,277020,L3,4,stepwise,0,469,134,3597.9,False,3,ok,False
qwenvl7b,285047,L1,1,stepwise,0,469,79,2169.3,False,1,ok,True
qwenvl7b,285047,L1,1,direct,0,440,2,178.9,False,1,ok,True
qwenvl7b,70739,L2,3,direct,1,440,2,180.7,False,2,ok,False
qwenvl7b,497344,L1,1,stepwise,1,469,21,670.0,False,1,ok,True
qwenvl7b,470924,L4,14,direct,2,440,2,178.8,False,5,ok,False
qwenvl7b,122672,L1,1,direct,1,440,2,180.6,False,1,ok,True
qwenvl7b,265816,L1,1,stepwise,1,469,63,1759.3,False,1,ok,True
qwenvl7b,55167,L3,6,direct,1,440,2,179.2,False,4,ok,False
qwenvl7b,295420,L1,1,direct,1,440,2,178.7,False,0,ok,False
qwenvl7b,359833,L1,1,direct,2,440,2,179.3,False,1,ok,True
qwenvl7b,568195,L2,3,direct,1,440,2,179.5,False,3,ok,True
qwenvl7b,464824,L1,1,stepwise,1,469,58,1626.0,False,1,ok,True
qwenvl7b,126137,L4,13,direct,2,440,3,205.5,False,10,ok,False
qwenvl7b,3553,L1,1,direct,2,440,2,179.4,False,1,ok,True
qwenvl7b,154087,L3,4,stepwise,0,469,154,4122.9,False,3,ok,False
qwenvl7b,132544,L4,10,stepwise,1,469,170,4533.1,False,3,ok,False
qwenvl7b,332570,L1,1,direct,2,440,2,181.2,False,1,ok,True
qwenvl7b,36936,L2,2,direct,0,440,2,178.2,False,2,ok,True
qwenvl7b,111086,L3,4,stepwise,0,469,94,2560.0,False,1,ok,False
qwenvl7b,265816,L1,1,stepwise,2,469,63,1758.6,False,1,ok,True
qwenvl7b,274066,L3,5,direct,2,440,2,179.6,False,4,ok,False
qwenvl7b,192670,L4,9,stepwise,2,469,75,2066.6,False,5,ok,False
qwenvl7b,554002,L4,10,direct,0,440,2,178.0,False,6,ok,False
qwenvl7b,117425,L2,3,stepwise,0,469,92,2505.8,False,2,ok,False
qwenvl7b,192670,L4,9,direct,2,440,2,178.5,False,5,ok,False
qwenvl7b,425906,L4,13,direct,1,440,3,205.8,False,15,ok,False
qwenvl7b,62355,L3,5,direct,2,440,2,178.5,False,5,ok,True
qwenvl7b,568195,L2,3,stepwise,2,469,86,2350.2,False,3,ok,True
qwenvl7b,554595,L1,1,direct,2,440,2,179.5,False,1,ok,True
qwenvl7b,2006,L2,3,direct,1,440,2,178.9,False,2,ok,False
qwenvl7b,323496,L3,6,stepwise,1,469,167,4460.9,False,6,ok,True
qwenvl7b,117719,L1,1,direct,1,440,2,179.4,False,1,ok,True
qwenvl7b,323496,L3,6,stepwise,0,469,167,4456.5,False,6,ok,True
qwenvl7b,220764,L1,1,direct,2,440,2,178.7,False,1,ok,True
qwenvl7b,471789,L4,12,stepwise,1,469,120,3238.4,False,8,ok,False
qwenvl7b,114049,L3,6,direct,2,440,2,179.2,False,6,ok,True
qwenvl7b,427338,L2,2,direct,1,440,2,179.3,False,2,ok,True
qwenvl7b,224664,L4,8,stepwise,1,469,136,3650.9,False,5,fallback_last_number,False
qwenvl7b,402774,L1,1,stepwise,0,469,49,1392.2,False,1,ok,True
qwenvl7b,566923,L4,10,stepwise,2,469,150,4016.3,False,5,ok,False
qwenvl7b,402774,L1,1,direct,0,440,2,179.3,False,1,ok,True
qwenvl7b,562207,L2,3,stepwise,0,469,106,2873.9,False,3,ok,True
qwenvl7b,111086,L3,4,stepwise,2,469,94,2560.5,False,1,ok,False
qwenvl7b,274066,L3,5,direct,0,440,2,178.4,False,4,ok,False
qwenvl7b,359833,L1,1,stepwise,1,469,69,1908.0,False,1,ok,True
qwenvl7b,18150,L2,2,direct,0,440,2,179.2,False,2,ok,True
qwenvl7b,269121,L1,1,stepwise,1,469,83,2274.7,False,1,ok,True
qwenvl7b,309173,L1,1,direct,1,440,2,179.4,False,0,ok,False
qwenvl7b,213547,L2,2,direct,0,440,2,180.1,False,2,ok,True
qwenvl7b,231580,L3,7,direct,0,440,2,179.5,False,7,ok,True
qwenvl7b,74200,L3,6,direct,2,440,2,179.8,False,0,ok,False
qwenvl7b,537270,L2,3,stepwise,0,469,130,3495.5,False,3,ok,True
qwenvl7b,506656,L1,1,direct,1,440,2,179.8,False,1,ok,True
qwenvl7b,36539,L2,2,stepwise,1,469,103,2791.9,False,2,ok,True
qwenvl7b,98287,L4,14,stepwise,0,469,111,3002.2,False,3,ok,False
qwenvl7b,74200,L3,6,direct,0,440,2,179.0,False,0,ok,False
qwenvl7b,327701,L3,4,stepwise,2,469,96,2611.1,False,3,ok,False
qwenvl7b,511647,L1,1,stepwise,0,469,93,2531.0,False,1,ok,True
qwenvl7b,96493,L1,1,direct,2,440,2,179.1,False,1,ok,True
qwenvl7b,561256,L1,1,direct,2,440,2,179.2,False,1,ok,True
qwenvl7b,416451,L2,2,stepwise,1,469,103,2795.1,False,3,ok,False
qwenvl7b,361147,L4,9,stepwise,0,469,190,5059.7,False,3,ok,False
qwenvl7b,96493,L1,1,stepwise,0,469,69,1912.3,False,1,ok,True
qwenvl7b,354307,L1,1,stepwise,0,469,45,1286.9,False,1,ok,True
qwenvl7b,44590,L4,12,direct,1,440,3,205.1,False,12,ok,True
qwenvl7b,2006,L2,3,stepwise,0,469,134,3599.3,False,2,ok,False
qwenvl7b,301563,L2,3,direct,2,440,2,178.8,False,3,ok,True
qwenvl7b,14439,L4,14,direct,2,440,3,205.6,False,15,ok,False
qwenvl7b,507037,L4,14,direct,0,440,3,206.3,False,15,ok,False
qwenvl7b,1584,L4,11,direct,0,440,2,180.2,False,5,ok,False
qwenvl7b,188465,L4,14,direct,0,440,4,234.3,False,100,ok,False
qwenvl7b,89648,L4,11,direct,1,440,3,205.8,False,10,ok,False
qwenvl7b,361147,L4,9,direct,2,440,2,179.9,False,8,ok,False
qwenvl7b,98287,L4,14,direct,0,440,3,206.4,False,10,ok,False
qwenvl7b,62355,L3,5,direct,0,440,2,179.0,False,5,ok,True
qwenvl7b,84477,L1,1,direct,0,440,2,179.7,False,1,ok,True
qwenvl7b,481390,L4,14,direct,0,440,3,206.5,False,25,ok,False
qwenvl7b,357748,L3,4,direct,1,440,2,179.3,False,3,ok,False
qwenvl7b,417249,L3,5,direct,2,440,2,180.0,False,4,ok,False
qwenvl7b,169076,L2,2,direct,0,440,2,179.5,False,2,ok,True
qwenvl7b,566923,L4,10,stepwise,0,469,150,4018.9,False,5,ok,False
qwenvl7b,528314,L4,9,stepwise,0,469,107,2894.5,False,8,ok,False
qwenvl7b,357748,L3,4,stepwise,0,469,56,1574.6,False,0,ok,False
qwenvl7b,500478,L4,14,stepwise,0,469,115,3104.2,False,16,ok,False
qwenvl7b,411754,L3,5,stepwise,1,469,129,3471.1,False,2,ok,False
qwenvl7b,377393,L4,10,direct,0,440,3,206.2,False,10,ok,True
qwenvl7b,464824,L1,1,direct,2,440,2,179.5,False,1,ok,True
qwenvl7b,127270,L3,5,direct,1,440,2,179.9,False,5,ok,True
qwenvl7b,83172,L2,3,direct,1,440,2,179.4,False,3,ok,True
qwenvl7b,417249,L3,5,stepwise,2,469,140,3757.3,False,4,ok,False
qwenvl7b,425906,L4,13,direct,2,440,3,205.6,False,15,ok,False
qwenvl7b,470924,L4,14,stepwise,1,469,121,3260.1,False,4,ok,False
qwenvl7b,366884,L1,1,stepwise,0,469,95,2583.8,False,1,ok,True
qwenvl7b,361586,L3,4,direct,1,440,2,178.6,False,7,ok,False
qwenvl7b,1761,L3,5,direct,0,440,2,180.0,False,0,ok,False
qwenvl7b,390826,L1,1,direct,0,440,2,180.2,False,1,ok,True
qwenvl7b,98287,L4,14,direct,1,440,3,206.2,False,10,ok,False
qwenvl7b,411754,L3,5,direct,0,440,2,178.6,False,4,ok,False
qwenvl7b,173799,L2,2,direct,1,440,2,179.4,False,2,ok,True
qwenvl7b,377393,L4,10,stepwise,1,469,163,4357.0,False,0,ok,False
qwenvl7b,377393,L4,10,stepwise,0,469,163,4356.1,False,0,ok,False
qwenvl7b,537270,L2,3,stepwise,1,469,130,3491.5,False,3,ok,True
qwenvl7b,253386,L2,2,direct,0,440,2,179.4,False,2,ok,True
qwenvl7b,471789,L4,12,direct,0,440,2,179.8,False,8,ok,False
qwenvl7b,415748,L1,1,stepwise,1,469,80,2195.3,False,1,ok,True
qwenvl7b,284764,L1,1,direct,0,440,2,179.5,False,1,ok,True
qwenvl7b,442456,L2,2,direct,2,440,2,178.7,False,2,ok,True
qwenvl7b,511647,L1,1,direct,2,440,2,179.6,False,1,ok,True
qwenvl7b,377588,L3,6,stepwise,0,469,143,3833.8,False,5,ok,False
qwenvl7b,3255,L3,6,direct,0,440,2,179.4,False,5,ok,False
qwenvl7b,139077,L1,1,direct,1,440,2,180.2,False,1,ok,True
qwenvl7b,357816,L3,4,stepwise,2,469,121,3265.5,False,5,ok,False
qwenvl7b,3255,L3,6,stepwise,2,469,71,1963.9,False,4,ok,False
qwenvl7b,132544,L4,10,direct,1,440,2,179.0,False,5,ok,False
qwenvl7b,102820,L1,1,stepwise,2,469,64,1781.5,False,1,ok,True
qwenvl3b,111086,L3,4,stepwise,2,469,117,1852.0,False,2,ok,False
qwenvl3b,473869,L1,1,direct,2,440,2,122.4,False,1,ok,True
qwenvl3b,89296,L2,2,stepwise,1,469,95,1520.5,False,3,ok,False
qwenvl3b,173799,L2,2,stepwise,2,469,71,1160.2,False,2,ok,True
qwenvl3b,354307,L1,1,stepwise,2,469,103,1641.6,False,1,ok,True
qwenvl3b,377393,L4,10,direct,2,440,2,122.7,False,0,ok,False
qwenvl3b,471789,L4,12,direct,1,440,3,138.5,False,10,ok,False
qwenvl3b,309173,L1,1,stepwise,1,469,60,996.6,False,0,ok,False
qwenvl3b,3553,L1,1,stepwise,0,469,90,1449.2,False,1,ok,True
qwenvl3b,366884,L1,1,stepwise,2,469,75,1223.5,False,2,ok,False
qwenvl3b,170613,L2,2,direct,2,440,2,122.8,False,2,ok,True
qwenvl3b,425906,L4,13,direct,0,440,3,138.5,False,15,ok,False
qwenvl3b,554002,L4,10,direct,1,440,2,122.6,False,7,ok,False
qwenvl3b,139077,L1,1,stepwise,0,469,75,1226.5,False,1,ok,True
qwenvl3b,224664,L4,8,stepwise,0,469,120,2020.3,False,6,ok,False
qwenvl3b,554595,L1,1,stepwise,0,469,99,1590.6,False,1,ok,True
qwenvl3b,548246,L3,4,stepwise,0,469,83,1346.6,False,4,ok,True
qwenvl3b,471789,L4,12,stepwise,1,469,201,3143.1,False,4,ok,False
qwenvl3b,470924,L4,14,stepwise,1,469,137,2162.8,False,6,ok,False
qwenvl3b,2006,L2,3,direct,0,440,2,122.8,False,2,ok,False
qwenvl3b,471789,L4,12,stepwise,0,469,201,3145.8,False,4,ok,False
qwenvl3b,295420,L1,1,stepwise,2,469,42,729.9,False,1,ok,True
qwenvl3b,265816,L1,1,direct,2,440,2,122.9,False,1,ok,True
qwenvl3b,332570,L1,1,direct,0,440,2,123.1,False,1,ok,True
qwenvl3b,154087,L3,4,direct,1,440,2,123.5,False,4,ok,True
qwenvl3b,159791,L4,8,stepwise,2,469,161,2530.4,False,6,ok,False
qwenvl3b,3553,L1,1,direct,1,440,2,123.8,False,1,ok,True
qwenvl3b,268378,L4,9,stepwise,0,469,191,2992.1,False,7,ok,False
qwenvl3b,36936,L2,2,direct,2,440,2,123.5,False,2,ok,True
qwenvl3b,442456,L2,2,direct,0,440,2,124.8,False,2,ok,True
qwenvl3b,390826,L1,1,stepwise,0,469,44,756.7,False,,unparseable,
qwenvl3b,153529,L4,8,stepwise,0,469,84,1372.9,False,1,ok,False
qwenvl3b,192670,L4,9,direct,0,440,2,123.6,False,6,ok,False
qwenvl3b,265816,L1,1,stepwise,2,469,140,2217.3,False,2,ok,False
qwenvl3b,548246,L3,4,stepwise,2,469,83,1347.5,False,4,ok,True
qwenvl3b,139077,L1,1,stepwise,2,469,75,1239.2,False,1,ok,True
qwenvl3b,114049,L3,6,stepwise,1,469,159,2525.9,False,6,ok,True
qwenvl3b,153529,L4,8,direct,1,440,2,123.9,False,5,ok,False
qwenvl3b,377393,L4,10,direct,0,440,2,124.4,False,0,ok,False
qwenvl3b,330396,L3,5,stepwise,0,469,125,2004.5,False,3,ok,False
qwenvl3b,2006,L2,3,direct,1,440,2,124.8,False,2,ok,False
qwenvl3b,117719,L1,1,direct,1,440,2,126.6,False,1,ok,True
qwenvl3b,411754,L3,5,stepwise,0,469,137,2193.5,False,6,ok,False
qwenvl3b,284764,L1,1,direct,2,440,2,125.4,False,1,ok,True
qwenvl3b,1584,L4,11,stepwise,2,469,141,2248.6,False,6,ok,False
qwenvl3b,303863,L3,7,direct,1,440,2,124.2,False,3,ok,False
qwenvl3b,201426,L2,2,direct,1,440,2,127.1,False,2,ok,True
qwenvl3b,170613,L2,2,direct,0,440,2,127.5,False,2,ok,True
qwenvl3b,464824,L1,1,direct,1,440,2,125.4,False,1,ok,True
qwenvl3b,126137,L4,13,stepwise,2,469,162,2574.7,False,7,ok,False
qwenvl3b,537270,L2,3,direct,2,440,2,124.8,False,3,ok,True
qwenvl3b,528314,L4,9,direct,0,440,3,139.9,False,10,ok,False
qwenvl3b,500478,L4,14,direct,1,440,3,138.8,False,20,ok,False
qwenvl3b,361147,L4,9,stepwise,0,469,148,2338.3,False,7,ok,False
qwenvl3b,415748,L1,1,direct,2,440,2,125.1,False,1,ok,True
qwenvl3b,2006,L2,3,stepwise,0,469,94,1520.3,False,2,ok,False
qwenvl3b,62355,L3,5,stepwise,1,469,145,2312.8,False,5,ok,True
qwenvl3b,303863,L3,7,direct,0,440,2,125.8,False,3,ok,False
qwenvl3b,554002,L4,10,stepwise,0,469,116,1867.9,False,5,ok,False
qwenvl3b,323496,L3,6,direct,0,440,2,125.7,False,5,ok,False
qwenvl3b,220764,L1,1,direct,1,440,2,126.5,False,1,ok,True
qwenvl3b,359833,L1,1,direct,2,440,2,126.0,False,1,ok,True
qwenvl3b,96493,L1,1,direct,1,440,2,125.3,False,1,ok,True
qwenvl3b,527528,L2,2,stepwise,1,469,120,1915.6,False,0,ok,False
qwenvl3b,70739,L2,3,direct,2,440,2,126.7,False,2,ok,False
qwenvl3b,269121,L1,1,direct,0,440,2,127.9,False,1,ok,True
qwenvl3b,415748,L1,1,stepwise,0,469,104,1685.6,False,2,ok,False
qwenvl3b,122672,L1,1,direct,2,440,2,126.5,False,1,ok,True
qwenvl3b,3255,L3,6,stepwise,2,469,83,1370.9,False,4,ok,False
qwenvl3b,117719,L1,1,stepwise,1,469,93,1519.6,False,1,ok,True
qwenvl3b,417249,L3,5,stepwise,1,469,120,1915.6,False,5,ok,True
qwenvl3b,537270,L2,3,stepwise,0,469,63,1046.5,False,3,ok,True
qwenvl3b,480985,L4,8,stepwise,0,469,147,2350.1,False,5,ok,False
qwenvl3b,359833,L1,1,direct,1,440,2,126.6,False,1,ok,True
qwenvl3b,327701,L3,4,stepwise,1,469,143,2284.2,False,4,ok,True
qwenvl3b,1761,L3,5,stepwise,0,469,30,561.0,False,0,ok,False
qwenvl3b,507037,L4,14,direct,2,440,3,141.3,False,15,ok,False
qwenvl3b,477805,L2,2,direct,0,440,2,127.5,False,1,ok,False
qwenvl3b,464824,L1,1,stepwise,0,469,38,682.4,False,,unparseable,
qwenvl3b,180487,L2,2,stepwise,0,469,57,959.1,False,1,ok,False
qwenvl3b,265816,L1,1,direct,1,440,2,127.3,False,1,ok,True
qwenvl3b,3553,L1,1,stepwise,1,469,90,1476.8,False,1,ok,True
qwenvl3b,188296,L3,7,stepwise,1,469,141,2259.7,False,5,ok,False
qwenvl3b,366884,L1,1,direct,0,440,2,126.7,False,1,ok,True
qwenvl3b,173799,L2,2,direct,0,440,2,128.6,False,2,ok,True
qwenvl3b,554002,L4,10,direct,2,440,2,128.3,False,7,ok,False
qwenvl3b,102820,L1,1,stepwise,1,469,53,913.7,False,1,ok,True
qwenvl3b,18150,L2,2,stepwise,2,469,86,1402.6,False,2,ok,True
qwenvl3b,561256,L1,1,direct,2,440,2,126.7,False,1,ok,True
qwenvl3b,154087,L3,4,direct,0,440,2,123.6,False,4,ok,True
qwenvl3b,554002,L4,10,stepwise,1,469,116,1893.5,False,5,ok,False
qwenvl3b,357816,L3,4,direct,1,440,2,126.7,False,4,ok,True
qwenvl3b,507037,L4,14,direct,1,440,3,143.3,False,15,ok,False
qwenvl3b,84477,L1,1,direct,2,440,2,128.0,False,1,ok,True
qwenvl3b,394199,L1,1,stepwise,0,469,97,1590.1,False,1,ok,True
qwenvl3b,332570,L1,1,direct,1,440,2,127.2,False,1,ok,True
qwenvl3b,36936,L2,2,stepwise,0,469,93,1512.6,False,2,ok,True
qwenvl3b,323496,L3,6,direct,2,440,2,127.0,False,5,ok,False
qwenvl3b,89648,L4,11,stepwise,2,469,128,2045.2,False,5,ok,False
qwenvl3b,98287,L4,14,stepwise,0,469,100,1614.7,False,7,ok,False
qwenvl3b,253386,L2,2,direct,0,440,2,127.9,False,2,ok,True
qwenvl3b,465180,L3,6,direct,1,440,2,128.8,False,6,ok,True
qwenvl3b,285047,L1,1,stepwise,1,469,117,1895.1,False,1,ok,True
qwenvl3b,44590,L4,12,stepwise,2,469,184,2924.5,False,10,ok,False
qwenvl3b,132544,L4,10,stepwise,2,469,88,1430.3,False,4,ok,False
qwenvl3b,82715,L1,1,stepwise,2,469,64,1068.9,False,1,ok,True
qwenvl3b,36539,L2,2,stepwise,2,469,58,974.4,False,2,ok,True
qwenvl3b,535608,L3,5,stepwise,2,469,113,1818.3,False,4,ok,False
qwenvl3b,114049,L3,6,stepwise,0,469,159,2519.4,False,6,ok,True
qwenvl3b,201426,L2,2,stepwise,1,469,72,1184.0,False,2,ok,True
qwenvl3b,36936,L2,2,stepwise,1,469,93,1512.3,False,2,ok,True
qwenvl3b,566923,L4,10,stepwise,2,469,152,2423.6,False,10,fallback_last_number,True
qwenvl3b,415748,L1,1,stepwise,1,469,104,1684.2,False,2,ok,False
qwenvl3b,377393,L4,10,direct,1,440,2,129.4,False,0,ok,False
qwenvl3b,165681,L4,12,direct,1,440,2,129.7,False,2,ok,False
qwenvl3b,507037,L4,14,stepwise,0,469,145,2308.1,False,10,fallback_last_number,False
qwenvl3b,157756,L4,10,stepwise,2,469,110,1767.0,False,3,ok,False
qwenvl3b,188465,L4,14,stepwise,2,469,141,2268.0,False,20,ok,False
qwenvl3b,535608,L3,5,direct,2,440,2,128.5,False,5,ok,True
qwenvl3b,18150,L2,2,stepwise,1,469,86,1413.4,False,2,ok,True
qwenvl3b,427338,L2,2,stepwise,2,469,112,1818.3,False,2,ok,True
qwenvl3b,213547,L2,2,direct,2,440,2,128.1,False,2,ok,True
qwenvl3b,188465,L4,14,direct,0,440,4,162.6,False,100,ok,False
qwenvl3b,411754,L3,5,direct,0,440,2,128.3,False,3,ok,False
qwenvl3b,361147,L4,9,direct,0,440,3,146.4,False,10,ok,False
qwenvl3b,18150,L2,2,stepwise,0,469,86,1406.4,False,2,ok,True
qwenvl3b,224664,L4,8,direct,1,440,3,146.6,False,10,ok,False
qwenvl3b,220764,L1,1,direct,2,440,2,129.1,False,1,ok,True
qwenvl3b,464824,L1,1,direct,0,440,2,136.9,False,1,ok,True
qwenvl3b,117425,L2,3,direct,0,440,2,128.4,False,2,ok,False
qwenvl3b,506656,L1,1,stepwise,2,469,67,1111.1,False,2,ok,False
qwenvl3b,55167,L3,6,stepwise,1,469,141,2271.0,False,3,ok,False
qwenvl3b,159791,L4,8,stepwise,0,469,161,2570.5,False,6,ok,False
qwenvl3b,402774,L1,1,stepwise,1,469,82,1343.4,False,1,ok,True
qwenvl3b,102820,L1,1,direct,2,440,2,128.4,False,1,ok,True
qwenvl3b,366884,L1,1,stepwise,0,469,75,1253.7,False,2,ok,False
qwenvl3b,357748,L3,4,direct,1,440,2,127.7,False,0,ok,False
qwenvl3b,394199,L1,1,stepwise,1,469,97,1576.6,False,1,ok,True
qwenvl3b,542127,L4,14,direct,0,440,3,144.4,False,15,ok,False
qwenvl3b,127270,L3,5,stepwise,0,469,111,1807.2,False,5,ok,True
qwenvl3b,568195,L2,3,stepwise,2,469,56,961.3,False,,unparseable,
qwenvl3b,357816,L3,4,stepwise,2,469,84,1368.7,False,3,ok,False
qwenvl3b,1761,L3,5,direct,0,440,2,127.4,False,0,ok,False
qwenvl3b,537270,L2,3,direct,0,440,2,130.1,False,3,ok,True
qwenvl3b,277020,L3,4,direct,1,440,2,129.4,False,3,ok,False
qwenvl3b,332570,L1,1,stepwise,0,469,113,1823.7,False,1,ok,True
qwenvl3b,354307,L1,1,direct,0,440,2,127.6,False,1,ok,True
qwenvl3b,96493,L1,1,stepwise,0,469,60,1019.6,False,1,ok,True
qwenvl3b,578489,L3,7,stepwise,0,469,148,2361.4,False,7,ok,True
qwenvl3b,74200,L3,6,stepwise,0,469,38,672.9,False,1,ok,False
qwenvl3b,1761,L3,5,direct,2,440,2,124.7,False,0,ok,False
qwenvl3b,117425,L2,3,stepwise,1,469,110,1772.9,False,2,ok,False
qwenvl3b,357816,L3,4,direct,0,440,2,128.1,False,4,ok,True
qwenvl3b,411754,L3,5,direct,2,440,2,129.1,False,3,ok,False
qwenvl3b,477441,L2,3,stepwise,1,469,136,2167.7,False,2,ok,False
qwenvl3b,330396,L3,5,direct,2,440,2,128.2,False,4,ok,False
qwenvl3b,500478,L4,14,direct,2,440,3,145.3,False,20,ok,False
qwenvl3b,527528,L2,2,stepwise,0,469,120,1929.8,False,0,ok,False
qwenvl3b,465180,L3,6,stepwise,2,469,123,1959.8,False,5,ok,False
qwenvl3b,354307,L1,1,stepwise,1,469,103,1670.7,False,1,ok,True
qwenvl3b,253386,L2,2,stepwise,0,469,128,2044.3,False,2,ok,True
qwenvl3b,208363,L4,14,stepwise,0,469,89,1452.8,False,10,ok,False
qwenvl3b,477805,L2,2,direct,1,440,2,128.7,False,1,ok,False
qwenvl3b,169076,L2,2,direct,1,440,2,127.3,False,2,ok,True
qwenvl3b,277020,L3,4,stepwise,1,469,124,2008.6,False,3,ok,False
qwenvl3b,464824,L1,1,stepwise,1,469,38,681.8,False,,unparseable,
qwenvl3b,417249,L3,5,direct,1,440,2,128.1,False,4,ok,False
qwenvl3b,470924,L4,14,stepwise,2,469,137,2202.5,False,6,ok,False
qwenvl3b,188465,L4,14,stepwise,1,469,141,2245.8,False,20,ok,False
qwenvl3b,566923,L4,10,direct,0,440,3,145.1,False,10,ok,True
qwenvl3b,201426,L2,2,stepwise,2,469,72,1203.7,False,2,ok,True
qwenvl3b,425906,L4,13,stepwise,2,469,73,1222.5,False,6,ok,False
qwenvl3b,201426,L2,2,direct,0,440,2,127.5,False,2,ok,True
qwenvl3b,246883,L2,2,direct,2,440,2,128.3,False,2,ok,True
qwenvl3b,442456,L2,2,stepwise,2,469,96,1554.3,False,2,ok,True
qwenvl3b,132544,L4,10,stepwise,0,469,88,1451.0,False,4,ok,False
qwenvl3b,169076,L2,2,stepwise,0,469,67,1129.7,False,2,ok,True
qwenvl3b,1584,L4,11,direct,0,440,2,125.5,False,3,ok,False
qwenvl3b,246883,L2,2,stepwise,1,469,85,1378.2,False,2,ok,True
qwenvl3b,330396,L3,5,stepwise,1,469,125,2020.1,False,3,ok,False
qwenvl3b,84477,L1,1,direct,1,440,2,127.5,False,1,ok,True
qwenvl3b,332570,L1,1,stepwise,2,469,113,1818.4,False,1,ok,True
qwenvl3b,284764,L1,1,stepwise,0,469,79,1299.5,False,1,ok,True
qwenvl3b,96493,L1,1,stepwise,1,469,60,1018.1,False,1,ok,True
qwenvl3b,471789,L4,12,direct,2,440,3,143.4,False,10,ok,False
qwenvl3b,14439,L4,14,stepwise,2,469,82,1342.0,False,8,ok,False
qwenvl3b,192670,L4,9,direct,1,440,2,128.2,False,6,ok,False
qwenvl3b,98287,L4,14,direct,2,440,3,145.1,False,10,ok,False
qwenvl3b,473869,L1,1,stepwise,1,469,50,857.9,False,1,ok,True
qwenvl3b,62355,L3,5,direct,2,440,2,127.9,False,4,ok,False
qwenvl3b,117719,L1,1,direct,2,440,2,129.4,False,1,ok,True
qwenvl3b,542127,L4,14,direct,2,440,3,143.4,False,15,ok,False
qwenvl3b,154087,L3,4,stepwise,2,469,90,1480.2,False,4,ok,True
qwenvl3b,417249,L3,5,stepwise,0,469,120,1942.8,False,5,ok,True
qwenvl3b,528314,L4,9,direct,1,440,3,143.6,False,10,ok,False
qwenvl3b,506656,L1,1,stepwise,0,469,67,1112.7,False,2,ok,False
qwenvl3b,542127,L4,14,stepwise,2,469,123,1984.7,False,10,ok,False
qwenvl3b,450303,L3,6,stepwise,1,469,140,2226.8,False,6,ok,True
qwenvl3b,477441,L2,3,direct,0,440,2,129.0,False,0,ok,False
qwenvl3b,180487,L2,2,stepwise,1,469,57,977.4,False,1,ok,False
qwenvl3b,154087,L3,4,direct,2,440,2,125.3,False,4,ok,True
qwenvl3b,357748,L3,4,direct,2,440,2,126.8,False,0,ok,False
qwenvl3b,122672,L1,1,stepwise,1,469,65,1098.9,False,1,ok,True
qwenvl3b,450303,L3,6,stepwise,2,469,140,2225.9,False,6,ok,True
qwenvl3b,497344,L1,1,stepwise,2,469,55,930.9,False,1,ok,True
qwenvl3b,578489,L3,7,direct,1,440,2,127.3,False,6,ok,False
qwenvl3b,14439,L4,14,stepwise,1,469,82,1343.4,False,8,ok,False
qwenvl3b,14439,L4,14,direct,2,440,3,143.3,False,15,ok,False
qwenvl3b,82715,L1,1,stepwise,0,469,64,1084.1,False,1,ok,True
qwenvl3b,220764,L1,1,stepwise,0,469,72,1205.6,False,1,ok,True
qwenvl3b,425906,L4,13,stepwise,1,469,73,1220.7,False,6,ok,False
qwenvl3b,473869,L1,1,stepwise,2,469,50,868.5,False,1,ok,True
qwenvl3b,361586,L3,4,stepwise,2,469,132,2107.9,False,6,ok,False
qwenvl3b,122672,L1,1,direct,1,440,2,125.3,False,1,ok,True
qwenvl3b,102820,L1,1,direct,1,440,2,123.7,False,1,ok,True
qwenvl3b,126137,L4,13,direct,2,440,2,123.9,False,1,ok,False
qwenvl3b,562207,L2,3,direct,2,440,2,123.8,False,3,ok,True
qwenvl3b,173799,L2,2,direct,2,440,2,124.2,False,2,ok,True
qwenvl3b,415748,L1,1,stepwise,2,469,104,1697.4,False,2,ok,False
qwenvl3b,173799,L2,2,stepwise,1,469,71,1191.0,False,2,ok,True
qwenvl3b,62355,L3,5,direct,0,440,2,127.4,False,4,ok,False
qwenvl3b,127270,L3,5,direct,1,440,2,128.6,False,5,ok,True
qwenvl3b,84477,L1,1,stepwise,1,469,103,1658.8,False,1,ok,True
qwenvl3b,327701,L3,4,direct,2,440,2,128.9,False,5,ok,False
qwenvl3b,528314,L4,9,stepwise,0,469,95,1561.1,False,6,ok,False
qwenvl3b,3255,L3,6,direct,0,440,2,125.4,False,4,ok,False
qwenvl3b,361586,L3,4,direct,0,440,2,126.1,False,7,ok,False
qwenvl3b,394199,L1,1,direct,0,440,2,127.1,False,1,ok,True
qwenvl3b,277020,L3,4,stepwise,2,469,124,1976.4,False,3,ok,False
qwenvl3b,96493,L1,1,stepwise,2,469,60,1006.3,False,1,ok,True
qwenvl3b,246883,L2,2,direct,1,440,2,127.4,False,2,ok,True
qwenvl3b,165681,L4,12,stepwise,0,469,82,1359.2,False,3,ok,False
qwenvl3b,497344,L1,1,direct,1,440,2,127.8,False,1,ok,True
qwenvl3b,562207,L2,3,stepwise,1,469,140,2225.3,False,3,ok,True
qwenvl3b,3553,L1,1,stepwise,2,469,90,1483.1,False,1,ok,True
qwenvl3b,102820,L1,1,direct,0,440,2,127.0,False,1,ok,True
qwenvl3b,416451,L2,2,direct,0,440,2,127.0,False,3,ok,False
qwenvl3b,6771,L4,8,direct,1,440,2,126.9,False,7,ok,False
qwenvl3b,477805,L2,2,stepwise,2,469,84,1369.6,False,1,ok,False
qwenvl3b,18150,L2,2,direct,1,440,2,127.6,False,2,ok,True
qwenvl3b,1584,L4,11,stepwise,1,469,141,2245.3,False,6,ok,False
qwenvl3b,481390,L4,14,stepwise,2,469,158,2498.1,False,10,ok,False
qwenvl3b,220764,L1,1,stepwise,2,469,72,1200.4,False,1,ok,True
qwenvl3b,44590,L4,12,stepwise,1,469,184,2918.2,False,10,ok,False
qwenvl3b,500478,L4,14,stepwise,2,469,64,1083.8,False,5,ok,False
qwenvl3b,122672,L1,1,direct,0,440,2,126.6,False,1,ok,True
qwenvl3b,327701,L3,4,direct,1,440,2,126.4,False,5,ok,False
qwenvl3b,277020,L3,4,direct,2,440,2,125.7,False,3,ok,False
qwenvl3b,497344,L1,1,direct,0,440,2,125.5,False,1,ok,True
qwenvl3b,269121,L1,1,direct,1,440,2,125.7,False,1,ok,True
qwenvl3b,537270,L2,3,stepwise,1,469,63,1049.2,False,3,ok,True
qwenvl3b,32334,L3,5,stepwise,0,469,64,1063.9,False,3,ok,False
qwenvl3b,98287,L4,14,stepwise,2,469,100,1634.7,False,7,ok,False
qwenvl3b,359833,L1,1,direct,0,440,2,128.1,False,1,ok,True
qwenvl3b,208363,L4,14,direct,0,440,3,144.4,False,15,ok,False
qwenvl3b,213547,L2,2,stepwise,2,469,76,1252.4,False,3,ok,False
qwenvl3b,89648,L4,11,direct,2,440,3,143.5,False,12,ok,False
qwenvl3b,535608,L3,5,stepwise,1,469,113,1834.6,False,4,ok,False
qwenvl3b,36539,L2,2,stepwise,0,469,58,991.0,False,2,ok,True
qwenvl3b,188465,L4,14,stepwise,0,469,141,2262.9,False,20,ok,False
qwenvl3b,528314,L4,9,stepwise,1,469,95,1557.7,False,6,ok,False
qwenvl3b,111086,L3,4,direct,2,440,2,126.6,False,0,ok,False
qwenvl3b,74200,L3,6,direct,0,440,2,125.5,False,0,ok,False
qwenvl3b,354307,L1,1,direct,2,440,2,125.1,False,1,ok,True
qwenvl3b,31093,L2,3,stepwise,1,469,126,2008.3,False,2,ok,False
qwenvl3b,366884,L1,1,stepwise,1,469,75,1236.2,False,2,ok,False
qwenvl3b,117719,L1,1,direct,0,440,2,127.9,False,1,ok,True
qwenvl3b,465180,L3,6,stepwise,1,469,123,1989.1,False,5,ok,False
qwenvl3b,377588,L3,6,stepwise,2,469,137,2196.5,False,5,ok,False
qwenvl3b,442456,L2,2,stepwise,0,469,96,1553.2,False,2,ok,True
qwenvl3b,327701,L3,4,direct,0,440,2,127.4,False,5,ok,False
qwenvl3b,480985,L4,8,direct,0,440,2,127.4,False,5,ok,False
qwenvl3b,89296,L2,2,direct,2,440,2,127.0,False,2,ok,True
qwenvl3b,390826,L1,1,stepwise,2,469,44,776.3,False,,unparseable,
qwenvl3b,301563,L2,3,stepwise,1,469,128,2058.5,False,3,ok,True
qwenvl3b,265816,L1,1,direct,0,440,2,126.8,False,1,ok,True
qwenvl3b,295420,L1,1,direct,2,440,2,127.0,False,1,ok,True
qwenvl3b,3255,L3,6,stepwise,1,469,83,1353.7,False,4,ok,False
qwenvl3b,578489,L3,7,direct,2,440,2,127.2,False,6,ok,False
qwenvl3b,402774,L1,1,direct,1,440,2,127.4,False,1,ok,True
qwenvl3b,253386,L2,2,direct,2,440,2,126.6,False,2,ok,True
qwenvl3b,25386,L2,3,stepwise,2,469,57,974.8,False,2,ok,False
qwenvl3b,442456,L2,2,direct,2,440,2,125.8,False,2,ok,True
qwenvl3b,3255,L3,6,stepwise,0,469,83,1348.3,False,4,ok,False
qwenvl3b,578489,L3,7,stepwise,1,469,148,2366.4,False,7,ok,True
qwenvl3b,83172,L2,3,direct,1,440,2,126.9,False,3,ok,True
qwenvl3b,332570,L1,1,direct,2,440,2,124.9,False,1,ok,True
qwenvl3b,253386,L2,2,stepwise,2,469,128,2059.4,False,2,ok,True
qwenvl3b,500478,L4,14,stepwise,0,469,64,1079.7,False,5,ok,False
qwenvl3b,274066,L3,5,stepwise,1,469,157,2506.9,False,4,ok,False
qwenvl3b,465836,L2,3,direct,2,440,2,127.1,False,3,ok,True
qwenvl3b,127270,L3,5,direct,2,440,2,127.8,False,5,ok,True
qwenvl3b,74200,L3,6,direct,1,440,2,126.6,False,0,ok,False
qwenvl3b,285047,L1,1,direct,0,440,2,125.8,False,1,ok,True
qwenvl3b,359833,L1,1,stepwise,1,469,99,1610.8,False,1,ok,True
qwenvl3b,377588,L3,6,stepwise,1,469,137,2197.3,False,5,ok,False
qwenvl3b,36936,L2,2,stepwise,2,469,93,1505.5,False,2,ok,True
qwenvl3b,55167,L3,6,stepwise,2,469,141,2258.6,False,3,ok,False
qwenvl3b,481390,L4,14,direct,2,440,3,143.1,False,10,ok,False
qwenvl3b,566923,L4,10,stepwise,1,469,152,2428.4,False,10,fallback_last_number,True
qwenvl3b,390826,L1,1,direct,1,440,2,125.3,False,1,ok,True
qwenvl3b,126137,L4,13,direct,1,440,2,123.8,False,1,ok,False
qwenvl3b,89296,L2,2,direct,0,440,2,123.8,False,2,ok,True
qwenvl3b,377588,L3,6,direct,1,440,2,124.2,False,5,ok,False
qwenvl3b,562207,L2,3,direct,0,440,2,124.6,False,3,ok,True
qwenvl3b,470924,L4,14,direct,0,440,2,128.8,False,5,ok,False
qwenvl3b,44590,L4,12,direct,2,440,3,145.4,False,12,ok,True
qwenvl3b,269121,L1,1,stepwise,0,469,51,872.0,False,1,ok,True
qwenvl3b,471789,L4,12,direct,0,440,3,143.0,False,10,ok,False
qwenvl3b,507037,L4,14,direct,0,440,3,143.3,False,15,ok,False
qwenvl3b,154087,L3,4,stepwise,1,469,90,1478.8,False,4,ok,True
qwenvl3b,390826,L1,1,direct,0,440,2,126.2,False,1,ok,True
qwenvl3b,285047,L1,1,stepwise,0,469,117,1888.2,False,1,ok,True
qwenvl3b,427338,L2,2,direct,1,440,2,126.6,False,2,ok,True
qwenvl3b,111086,L3,4,stepwise,1,469,117,1877.9,False,2,ok,False
qwenvl3b,301563,L2,3,direct,2,440,2,127.0,False,3,ok,True
qwenvl3b,89648,L4,11,direct,0,440,3,143.9,False,12,ok,False
qwenvl3b,31093,L2,3,direct,1,440,2,126.6,False,1,ok,False
qwenvl3b,527528,L2,2,direct,0,440,2,128.1,False,0,ok,False
qwenvl3b,465836,L2,3,stepwise,2,469,110,1771.4,False,3,ok,True
qwenvl3b,511647,L1,1,stepwise,0,469,49,847.5,False,1,ok,True
qwenvl3b,102820,L1,1,stepwise,2,469,53,895.2,False,1,ok,True
qwenvl3b,157756,L4,10,stepwise,0,469,110,1785.5,False,3,ok,False
qwenvl3b,192670,L4,9,stepwise,2,469,146,2320.4,False,3,ok,False
qwenvl3b,359833,L1,1,stepwise,2,469,99,1614.5,False,1,ok,True
qwenvl3b,31093,L2,3,direct,2,440,2,126.8,False,1,ok,False
qwenvl3b,246883,L2,2,direct,0,440,2,128.6,False,2,ok,True
qwenvl3b,84477,L1,1,stepwise,2,469,103,1678.9,False,1,ok,True
qwenvl3b,357816,L3,4,direct,2,440,2,126.0,False,4,ok,True
qwenvl3b,111086,L3,4,direct,1,440,2,126.3,False,0,ok,False
qwenvl3b,568195,L2,3,direct,2,440,2,125.0,False,3,ok,True
qwenvl3b,231580,L3,7,direct,0,440,2,124.8,False,6,ok,False
qwenvl3b,535608,L3,5,stepwise,0,469,113,1831.8,False,4,ok,False
qwenvl3b,554002,L4,10,stepwise,2,469,116,1875.3,False,5,ok,False
qwenvl3b,170613,L2,2,stepwise,2,469,92,1506.8,False,2,ok,True
qwenvl3b,159791,L4,8,direct,0,440,2,126.4,False,0,ok,False
qwenvl3b,542127,L4,14,direct,1,440,3,141.7,False,15,ok,False
qwenvl3b,527528,L2,2,direct,1,440,2,125.5,False,0,ok,False
qwenvl3b,6771,L4,8,direct,2,440,2,126.8,False,7,ok,False
qwenvl3b,268378,L4,9,stepwise,2,469,191,3020.4,False,7,ok,False
qwenvl3b,497344,L1,1,direct,2,440,2,125.3,False,1,ok,True
qwenvl3b,477805,L2,2,stepwise,1,469,84,1369.6,False,1,ok,False
qwenvl3b,70739,L2,3,direct,1,440,2,127.5,False,2,ok,False
qwenvl3b,417249,L3,5,stepwise,2,469,120,1938.1,False,5,ok,True
qwenvl3b,323496,L3,6,stepwise,0,469,104,1693.5,False,5,ok,False
qwenvl3b,83172,L2,3,stepwise,0,469,100,1613.3,False,3,ok,True
qwenvl3b,130699,L3,7,stepwise,1,469,132,2104.1,False,6,ok,False
qwenvl3b,450303,L3,6,direct,1,440,2,125.5,False,5,ok,False
qwenvl3b,416451,L2,2,stepwise,0,469,104,1669.9,False,3,ok,False
qwenvl3b,561256,L1,1,direct,0,440,2,127.5,False,1,ok,True
qwenvl3b,25386,L2,3,direct,0,440,2,126.7,False,2,ok,False
qwenvl3b,511647,L1,1,stepwise,1,469,49,850.7,False,1,ok,True
qwenvl3b,357816,L3,4,stepwise,1,469,84,1386.2,False,3,ok,False
qwenvl3b,464824,L1,1,stepwise,2,469,38,681.5,False,,unparseable,
qwenvl3b,130699,L3,7,direct,2,440,2,126.1,False,6,ok,False
qwenvl3b,25386,L2,3,stepwise,0,469,57,970.1,False,2,ok,False
qwenvl3b,220764,L1,1,direct,0,440,2,127.1,False,1,ok,True
qwenvl3b,528314,L4,9,direct,2,440,3,141.8,False,10,ok,False
qwenvl3b,70739,L2,3,stepwise,0,469,93,1526.2,False,2,ok,False
qwenvl3b,32334,L3,5,stepwise,1,469,64,1066.0,False,3,ok,False
qwenvl3b,332570,L1,1,stepwise,1,469,113,1812.6,False,1,ok,True
qwenvl3b,62355,L3,5,stepwise,0,469,145,2302.0,False,5,ok,True
qwenvl3b,470924,L4,14,stepwise,0,469,137,2195.4,False,6,ok,False
qwenvl3b,36936,L2,2,direct,0,440,2,127.0,False,2,ok,True
qwenvl3b,224664,L4,8,stepwise,2,469,120,1940.9,False,6,ok,False
qwenvl3b,442456,L2,2,stepwise,1,469,96,1551.7,False,2,ok,True
qwenvl3b,323496,L3,6,stepwise,1,469,104,1675.5,False,5,ok,False
qwenvl3b,377393,L4,10,stepwise,1,469,87,1422.6,False,6,ok,False
qwenvl3b,481390,L4,14,direct,1,440,3,142.7,False,10,ok,False
qwenvl3b,473869,L1,1,direct,0,440,2,127.4,False,1,ok,True
qwenvl3b,309173,L1,1,stepwise,0,469,60,1020.2,False,0,ok,False
qwenvl3b,139077,L1,1,stepwise,1,469,75,1247.9,False,1,ok,True
qwenvl3b,192670,L4,9,stepwise,0,469,146,2334.7,False,3,ok,False
qwenvl3b,269121,L1,1,direct,2,440,2,126.1,False,1,ok,True
qwenvl3b,1761,L3,5,stepwise,1,469,30,556.6,False,0,ok,False
qwenvl3b,154087,L3,4,stepwise,0,469,90,1457.4,False,4,ok,True
qwenvl3b,274066,L3,5,direct,2,440,2,126.9,False,3,ok,False
qwenvl3b,102820,L1,1,stepwise,0,469,53,902.6,False,1,ok,True
qwenvl3b,213547,L2,2,stepwise,0,469,76,1264.5,False,3,ok,False
qwenvl3b,477441,L2,3,direct,2,440,2,126.5,False,0,ok,False
qwenvl3b,117425,L2,3,stepwise,2,469,110,1782.0,False,2,ok,False
qwenvl3b,465836,L2,3,direct,0,440,2,126.7,False,3,ok,True
qwenvl3b,188465,L4,14,direct,1,440,4,157.6,False,100,ok,False
qwenvl3b,548246,L3,4,stepwise,1,469,83,1372.3,False,4,ok,True
qwenvl3b,82715,L1,1,direct,1,440,2,125.6,False,1,ok,True
qwenvl3b,481390,L4,14,stepwise,0,469,158,2495.9,False,10,ok,False
qwenvl3b,253386,L2,2,stepwise,1,469,128,2043.9,False,2,ok,True
qwenvl3b,55167,L3,6,stepwise,0,469,141,2243.5,False,3,ok,False
qwenvl3b,285047,L1,1,direct,1,440,2,126.8,False,1,ok,True
qwenvl3b,18150,L2,2,direct,2,440,2,127.8,False,2,ok,True
qwenvl3b,36539,L2,2,direct,2,440,2,127.9,False,2,ok,True
qwenvl3b,425906,L4,13,direct,1,440,3,144.0,False,15,ok,False
qwenvl3b,554002,L4,10,direct,0,440,2,127.2,False,7,ok,False
qwenvl3b,427338,L2,2,stepwise,1,469,112,1816.0,False,2,ok,True
qwenvl3b,309173,L1,1,direct,1,440,2,125.9,False,0,ok,False
qwenvl3b,470924,L4,14,direct,1,440,2,123.8,False,5,ok,False
qwenvl3b,62355,L3,5,stepwise,2,469,145,2305.0,False,5,ok,True
qwenvl3b,84477,L1,1,stepwise,0,469,103,1677.4,False,1,ok,True
qwenvl3b,416451,L2,2,stepwise,2,469,104,1675.3,False,3,ok,False
qwenvl3b,465180,L3,6,direct,2,440,2,126.8,False,6,ok,True
qwenvl3b,425906,L4,13,direct,2,440,3,140.6,False,15,ok,False
qwenvl3b,277020,L3,4,direct,0,440,2,123.9,False,3,ok,False
qwenvl3b,295420,L1,1,stepwise,1,469,42,728.1,False,1,ok,True
qwenvl3b,170613,L2,2,direct,1,440,2,128.3,False,2,ok,True
qwenvl3b,83172,L2,3,stepwise,1,469,100,1634.4,False,3,ok,True
qwenvl3b,481390,L4,14,stepwise,1,469,158,2517.8,False,10,ok,False
qwenvl3b,127270,L3,5,direct,0,440,2,126.9,False,5,ok,True
qwenvl3b,14439,L4,14,direct,0,440,3,143.0,False,15,ok,False
qwenvl3b,411754,L3,5,stepwise,2,469,137,2181.1,False,6,ok,False
qwenvl3b,153529,L4,8,stepwise,2,469,84,1373.3,False,1,ok,False
qwenvl3b,361147,L4,9,direct,1,440,3,142.6,False,10,ok,False
qwenvl3b,18150,L2,2,direct,0,440,2,127.2,False,2,ok,True
qwenvl3b,511647,L1,1,direct,2,440,2,126.3,False,1,ok,True
qwenvl3b,89296,L2,2,direct,1,440,2,126.0,False,2,ok,True
qwenvl3b,455555,L2,2,stepwise,2,469,87,1410.6,False,2,ok,True
qwenvl3b,70739,L2,3,stepwise,1,469,93,1510.0,False,2,ok,False
qwenvl3b,25386,L2,3,direct,1,440,2,127.3,False,2,ok,False
qwenvl3b,188296,L3,7,direct,0,440,2,128.8,False,7,ok,True
qwenvl3b,157756,L4,10,direct,2,440,2,127.6,False,4,ok,False
qwenvl3b,537270,L2,3,direct,1,440,2,128.5,False,3,ok,True
qwenvl3b,301563,L2,3,direct,0,440,2,129.0,False,3,ok,True
qwenvl3b,6771,L4,8,stepwise,0,469,117,1897.6,False,6,ok,False
qwenvl3b,3553,L1,1,direct,2,440,2,127.2,False,1,ok,True
qwenvl3b,117425,L2,3,direct,2,440,2,127.1,False,2,ok,False
qwenvl3b,361586,L3,4,stepwise,0,469,132,2119.6,False,6,ok,False
qwenvl3b,165681,L4,12,stepwise,1,469,82,1357.6,False,3,ok,False
qwenvl3b,361147,L4,9,direct,2,440,3,140.7,False,10,ok,False
qwenvl3b,132544,L4,10,stepwise,1,469,88,1426.6,False,4,ok,False
qwenvl3b,201426,L2,2,direct,2,440,2,126.6,False,2,ok,True
qwenvl3b,169076,L2,2,stepwise,2,469,67,1126.4,False,2,ok,True
qwenvl3b,528314,L4,9,stepwise,2,469,95,1536.1,False,6,ok,False
qwenvl3b,188296,L3,7,stepwise,0,469,141,2258.9,False,5,ok,False
qwenvl3b,83172,L2,3,direct,2,440,2,126.3,False,3,ok,True
qwenvl3b,561256,L1,1,direct,1,440,2,126.2,False,1,ok,True
qwenvl3b,455555,L2,2,stepwise,0,469,87,1412.7,False,2,ok,True
qwenvl3b,295420,L1,1,direct,0,440,2,127.1,False,1,ok,True
qwenvl3b,139077,L1,1,direct,1,440,2,127.2,False,1,ok,True
qwenvl3b,246883,L2,2,stepwise,2,469,85,1382.8,False,2,ok,True
qwenvl3b,542127,L4,14,stepwise,1,469,123,1969.6,False,10,ok,False
qwenvl3b,98287,L4,14,direct,1,440,3,143.7,False,10,ok,False
qwenvl3b,511647,L1,1,stepwise,2,469,49,851.4,False,1,ok,True
qwenvl3b,561256,L1,1,stepwise,0,469,78,1295.5,False,1,ok,True
qwenvl3b,327701,L3,4,stepwise,0,469,143,2268.4,False,4,ok,True
qwenvl3b,394199,L1,1,stepwise,2,469,97,1569.2,False,1,ok,True
qwenvl3b,208363,L4,14,stepwise,2,469,89,1464.3,False,10,ok,False
qwenvl3b,139077,L1,1,direct,2,440,2,126.4,False,1,ok,True
qwenvl3b,1761,L3,5,stepwise,2,469,30,556.3,False,0,ok,False
qwenvl3b,465180,L3,6,direct,0,440,2,126.7,False,6,ok,True
qwenvl3b,455555,L2,2,direct,2,440,2,126.7,False,2,ok,True
qwenvl3b,506656,L1,1,direct,2,440,2,126.2,False,1,ok,True
qwenvl3b,309173,L1,1,stepwise,2,469,60,1004.0,False,0,ok,False
qwenvl3b,114049,L3,6,stepwise,2,469,159,2512.9,False,6,ok,True
qwenvl3b,269121,L1,1,stepwise,1,469,51,880.5,False,1,ok,True
qwenvl3b,36539,L2,2,stepwise,1,469,58,989.9,False,2,ok,True
qwenvl3b,323496,L3,6,stepwise,2,469,104,1694.5,False,5,ok,False
qwenvl3b,130699,L3,7,stepwise,2,469,132,2099.0,False,6,ok,False
qwenvl3b,44590,L4,12,direct,1,440,3,143.6,False,12,ok,True
qwenvl3b,132544,L4,10,direct,1,440,2,125.8,False,5,ok,False
qwenvl3b,390826,L1,1,direct,2,440,2,126.6,False,1,ok,True
qwenvl3b,55167,L3,6,direct,0,440,2,126.3,False,0,ok,False
qwenvl3b,361586,L3,4,direct,1,440,2,124.8,False,7,ok,False
qwenvl3b,548246,L3,4,direct,2,440,2,126.9,False,4,ok,True
qwenvl3b,506656,L1,1,direct,0,440,2,128.3,False,1,ok,True
qwenvl3b,44590,L4,12,direct,0,440,3,144.4,False,12,ok,True
qwenvl3b,361586,L3,4,stepwise,1,469,132,2121.5,False,6,ok,False
qwenvl3b,127270,L3,5,stepwise,2,469,111,1790.7,False,5,ok,True
qwenvl3b,98287,L4,14,direct,0,440,3,142.4,False,10,ok,False
qwenvl3b,159791,L4,8,direct,1,440,2,126.3,False,0,ok,False
qwenvl3b,231580,L3,7,direct,2,440,2,126.2,False,6,ok,False
qwenvl3b,477805,L2,2,direct,2,440,2,125.3,False,1,ok,False
qwenvl3b,566923,L4,10,direct,2,440,3,140.2,False,10,ok,True
qwenvl3b,465836,L2,3,stepwise,1,469,110,1758.8,False,3,ok,True
qwenvl3b,89296,L2,2,stepwise,2,469,95,1555.2,False,3,ok,False
qwenvl3b,114049,L3,6,direct,2,440,2,127.2,False,5,ok,False
qwenvl3b,153529,L4,8,direct,0,440,2,127.3,False,5,ok,False
qwenvl3b,157756,L4,10,direct,1,440,2,128.8,False,4,ok,False
qwenvl3b,3255,L3,6,direct,2,440,2,128.8,False,4,ok,False
qwenvl3b,377588,L3,6,direct,2,440,2,127.7,False,5,ok,False
qwenvl3b,377588,L3,6,direct,0,440,2,127.6,False,5,ok,False
qwenvl3b,568195,L2,3,direct,1,440,2,127.6,False,3,ok,True
qwenvl3b,213547,L2,2,stepwise,1,469,76,1267.5,False,3,ok,False
qwenvl3b,84477,L1,1,direct,0,440,2,126.6,False,1,ok,True
qwenvl3b,527528,L2,2,stepwise,2,469,120,1936.0,False,0,ok,False
qwenvl3b,357748,L3,4,stepwise,2,469,144,2287.2,False,6,ok,False
qwenvl3b,169076,L2,2,stepwise,1,469,67,1112.9,False,2,ok,True
qwenvl3b,208363,L4,14,stepwise,1,469,89,1465.9,False,10,ok,False
qwenvl3b,359833,L1,1,stepwise,0,469,99,1596.5,False,1,ok,True
qwenvl3b,159791,L4,8,direct,2,440,2,126.9,False,0,ok,False
qwenvl3b,554595,L1,1,direct,1,440,2,126.2,False,1,ok,True
qwenvl3b,354307,L1,1,stepwise,0,469,103,1657.8,False,1,ok,True
qwenvl3b,213547,L2,2,direct,1,440,2,127.7,False,2,ok,True
qwenvl3b,36936,L2,2,direct,1,440,2,129.1,False,2,ok,True
qwenvl3b,402774,L1,1,stepwise,0,469,82,1358.3,False,1,ok,True
qwenvl3b,269121,L1,1,stepwise,2,469,51,873.8,False,1,ok,True
qwenvl3b,402774,L1,1,direct,0,440,2,127.7,False,1,ok,True
qwenvl3b,455555,L2,2,direct,1,440,2,127.7,False,2,ok,True
qwenvl3b,170613,L2,2,stepwise,1,469,92,1515.4,False,2,ok,True
qwenvl3b,450303,L3,6,direct,2,440,2,127.4,False,5,ok,False
qwenvl3b,554595,L1,1,direct,0,440,2,128.0,False,1,ok,True
qwenvl3b,126137,L4,13,stepwise,0,469,162,2578.8,False,7,ok,False
qwenvl3b,402774,L1,1,direct,2,440,2,127.1,False,1,ok,True
qwenvl3b,111086,L3,4,stepwise,0,469,117,1894.6,False,2,ok,False
qwenvl3b,165681,L4,12,direct,2,440,2,125.8,False,2,ok,False
qwenvl3b,390826,L1,1,stepwise,1,469,44,767.6,False,,unparseable,
qwenvl3b,188296,L3,7,direct,1,440,2,124.7,False,7,ok,True
qwenvl3b,6771,L4,8,stepwise,1,469,117,1865.3,False,6,ok,False
qwenvl3b,1584,L4,11,direct,1,440,2,127.3,False,3,ok,False
qwenvl3b,82715,L1,1,direct,0,440,2,128.4,False,1,ok,True
qwenvl3b,480985,L4,8,direct,1,440,2,128.0,False,5,ok,False
qwenvl3b,32334,L3,5,stepwise,2,469,64,1068.3,False,3,ok,False
qwenvl3b,44590,L4,12,stepwise,0,469,184,2892.3,False,10,ok,False
qwenvl3b,394199,L1,1,direct,1,440,2,125.6,False,1,ok,True
qwenvl3b,231580,L3,7,stepwise,1,469,122,1955.1,False,6,ok,False
qwenvl3b,208363,L4,14,direct,1,440,3,142.9,False,15,ok,False
qwenvl3b,89648,L4,11,stepwise,1,469,128,2060.7,False,5,ok,False
qwenvl3b,562207,L2,3,stepwise,0,469,140,2242.1,False,3,ok,True
qwenvl3b,330396,L3,5,direct,1,440,2,126.8,False,4,ok,False
qwenvl3b,157756,L4,10,stepwise,1,469,110,1771.0,False,3,ok,False
qwenvl3b,377393,L4,10,stepwise,0,469,87,1433.0,False,6,ok,False
qwenvl3b,301563,L2,3,stepwise,2,469,128,2061.4,False,3,ok,True
qwenvl3b,274066,L3,5,direct,0,440,2,126.2,False,3,ok,False
qwenvl3b,473869,L1,1,direct,1,440,2,126.7,False,1,ok,True
qwenvl3b,566923,L4,10,stepwise,0,469,152,2408.9,False,10,fallback_last_number,True
qwenvl3b,506656,L1,1,direct,1,440,2,126.2,False,1,ok,True
qwenvl3b,480985,L4,8,direct,2,440,2,128.7,False,5,ok,False
qwenvl3b,74200,L3,6,stepwise,2,469,38,670.7,False,1,ok,False
qwenvl3b,323496,L3,6,direct,1,440,2,126.6,False,5,ok,False
qwenvl3b,464824,L1,1,direct,2,440,2,128.1,False,1,ok,True
qwenvl3b,357748,L3,4,stepwise,0,469,144,2306.3,False,6,ok,False
qwenvl3b,450303,L3,6,stepwise,0,469,140,2225.9,False,6,ok,True
qwenvl3b,357748,L3,4,direct,0,440,2,129.5,False,0,ok,False
qwenvl3b,354307,L1,1,direct,1,440,2,127.0,False,1,ok,True
qwenvl3b,511647,L1,1,direct,1,440,2,126.0,False,1,ok,True
qwenvl3b,465180,L3,6,stepwise,0,469,123,1960.7,False,5,ok,False
qwenvl3b,192670,L4,9,stepwise,1,469,146,2333.2,False,3,ok,False
qwenvl3b,274066,L3,5,direct,1,440,2,127.4,False,3,ok,False
qwenvl3b,153529,L4,8,direct,2,440,2,127.1,False,5,ok,False
qwenvl3b,31093,L2,3,direct,0,440,2,126.0,False,1,ok,False
qwenvl3b,1584,L4,11,direct,2,440,2,125.8,False,3,ok,False
qwenvl3b,32334,L3,5,direct,2,440,2,126.7,False,4,ok,False
qwenvl3b,201426,L2,2,stepwise,0,469,72,1189.4,False,2,ok,True
qwenvl3b,188465,L4,14,direct,2,440,4,158.6,False,100,ok,False
qwenvl3b,442456,L2,2,direct,1,440,2,126.3,False,2,ok,True
qwenvl3b,561256,L1,1,stepwise,2,469,78,1295.0,False,1,ok,True
qwenvl3b,74200,L3,6,direct,2,440,2,126.5,False,0,ok,False
qwenvl3b,562207,L2,3,stepwise,2,469,140,2244.8,False,3,ok,True
qwenvl3b,31093,L2,3,stepwise,2,469,126,2015.1,False,2,ok,False
qwenvl3b,268378,L4,9,stepwise,1,469,191,3005.0,False,7,ok,False
qwenvl3b,265816,L1,1,stepwise,0,469,140,2224.7,False,2,ok,False
qwenvl3b,477441,L2,3,direct,1,440,2,126.7,False,0,ok,False
qwenvl3b,303863,L3,7,stepwise,2,469,152,2429.0,False,3,ok,False
qwenvl3b,132544,L4,10,direct,0,440,2,125.1,False,5,ok,False
qwenvl3b,208363,L4,14,direct,2,440,3,141.9,False,15,ok,False
qwenvl3b,157756,L4,10,direct,0,440,2,125.3,False,4,ok,False
qwenvl3b,173799,L2,2,stepwise,0,469,71,1170.3,False,2,ok,True
qwenvl3b,231580,L3,7,stepwise,0,469,122,1953.8,False,6,ok,False
qwenvl3b,96493,L1,1,direct,2,440,2,127.3,False,1,ok,True
qwenvl3b,3553,L1,1,direct,0,440,2,127.4,False,1,ok,True
qwenvl3b,180487,L2,2,direct,0,440,2,126.7,False,2,ok,True
qwenvl3b,180487,L2,2,direct,2,440,2,126.6,False,2,ok,True
qwenvl3b,394199,L1,1,direct,2,440,2,125.3,False,1,ok,True
qwenvl3b,55167,L3,6,direct,1,440,2,125.1,False,0,ok,False
qwenvl3b,415748,L1,1,direct,0,440,2,127.6,False,1,ok,True
qwenvl3b,165681,L4,12,direct,0,440,2,128.1,False,2,ok,False
qwenvl3b,309173,L1,1,direct,0,440,2,128.6,False,0,ok,False
qwenvl3b,122672,L1,1,stepwise,0,469,65,1097.3,False,1,ok,True
qwenvl3b,70739,L2,3,direct,0,440,2,126.6,False,2,ok,False
qwenvl3b,130699,L3,7,direct,1,440,2,128.7,False,6,ok,False
qwenvl3b,169076,L2,2,direct,2,440,2,128.9,False,2,ok,True
qwenvl3b,284764,L1,1,direct,0,440,2,127.7,False,1,ok,True
qwenvl3b,55167,L3,6,direct,2,440,2,126.9,False,0,ok,False
qwenvl3b,74200,L3,6,stepwise,1,469,38,669.3,False,1,ok,False
qwenvl3b,284764,L1,1,stepwise,2,469,79,1290.7,False,1,ok,True
qwenvl3b,303863,L3,7,stepwise,0,469,152,2431.5,False,3,ok,False
qwenvl3b,153529,L4,8,stepwise,1,469,84,1384.5,False,1,ok,False
qwenvl3b,535608,L3,5,direct,1,440,2,127.1,False,5,ok,True
qwenvl3b,500478,L4,14,direct,0,440,3,143.3,False,20,ok,False
qwenvl3b,32334,L3,5,direct,1,440,2,125.9,False,4,ok,False
qwenvl3b,159791,L4,8,stepwise,1,469,161,2544.9,False,6,ok,False
qwenvl3b,98287,L4,14,stepwise,1,469,100,1632.0,False,7,ok,False
qwenvl3b,357816,L3,4,stepwise,0,469,84,1388.2,False,3,ok,False
qwenvl3b,301563,L2,3,stepwise,0,469,128,2057.5,False,3,ok,True
qwenvl3b,224664,L4,8,direct,0,440,3,141.6,False,10,ok,False
qwenvl3b,416451,L2,2,direct,2,440,2,125.7,False,3,ok,False
qwenvl3b,473869,L1,1,stepwise,0,469,50,851.8,False,1,ok,True
qwenvl3b,548246,L3,4,direct,1,440,2,129.6,False,4,ok,True
qwenvl3b,83172,L2,3,direct,0,440,2,126.1,False,3,ok,True
qwenvl3b,2006,L2,3,stepwise,2,469,94,1536.4,False,2,ok,False
qwenvl3b,416451,L2,2,direct,1,440,2,127.2,False,3,ok,False
qwenvl3b,411754,L3,5,stepwise,1,469,137,2198.1,False,6,ok,False
qwenvl3b,83172,L2,3,stepwise,2,469,100,1628.5,False,3,ok,True
qwenvl3b,327701,L3,4,stepwise,2,469,143,2284.9,False,4,ok,True
qwenvl3b,416451,L2,2,stepwise,1,469,104,1688.5,False,3,ok,False
qwenvl3b,295420,L1,1,direct,1,440,2,125.8,False,1,ok,True
qwenvl3b,117719,L1,1,stepwise,0,469,93,1524.2,False,1,ok,True
qwenvl3b,415748,L1,1,direct,1,440,2,125.0,False,1,ok,True
qwenvl3b,117719,L1,1,stepwise,2,469,93,1514.0,False,1,ok,True
qwenvl3b,114049,L3,6,direct,0,440,2,126.1,False,5,ok,False
qwenvl3b,122672,L1,1,stepwise,2,469,65,1092.0,False,1,ok,True
qwenvl3b,32334,L3,5,direct,0,440,2,125.6,False,4,ok,False
qwenvl3b,268378,L4,9,direct,2,440,2,125.5,False,8,ok,False
qwenvl3b,535608,L3,5,direct,0,440,2,124.6,False,5,ok,True
qwenvl3b,303863,L3,7,direct,2,440,2,124.0,False,3,ok,False
qwenvl3b,25386,L2,3,stepwise,1,469,57,973.7,False,2,ok,False
qwenvl3b,497344,L1,1,stepwise,0,469,55,926.3,False,1,ok,True
qwenvl3b,568195,L2,3,stepwise,0,469,56,959.8,False,,unparseable,
qwenvl3b,130699,L3,7,direct,0,440,2,126.2,False,6,ok,False
qwenvl3b,173799,L2,2,direct,1,440,2,127.2,False,2,ok,True
qwenvl3b,417249,L3,5,direct,2,440,2,127.0,False,4,ok,False
qwenvl3b,455555,L2,2,stepwise,1,469,87,1424.3,False,2,ok,True
qwenvl3b,284764,L1,1,stepwise,1,469,79,1304.3,False,1,ok,True
qwenvl3b,295420,L1,1,stepwise,0,469,42,741.5,False,1,ok,True
qwenvl3b,542127,L4,14,stepwise,0,469,123,1980.0,False,10,ok,False
qwenvl3b,82715,L1,1,direct,2,440,2,125.9,False,1,ok,True
qwenvl3b,224664,L4,8,direct,2,440,3,139.4,False,10,ok,False
qwenvl3b,480985,L4,8,stepwise,1,469,147,2347.1,False,5,ok,False
qwenvl3b,246883,L2,2,stepwise,0,469,85,1381.4,False,2,ok,True
qwenvl3b,253386,L2,2,direct,1,440,2,126.5,False,2,ok,True
qwenvl3b,377588,L3,6,stepwise,0,469,137,2196.5,False,5,ok,False
qwenvl3b,117425,L2,3,direct,1,440,2,126.1,False,2,ok,False
qwenvl3b,477441,L2,3,stepwise,2,469,136,2183.3,False,2,ok,False
qwenvl3b,96493,L1,1,direct,0,440,2,125.8,False,1,ok,True
qwenvl3b,169076,L2,2,direct,0,440,2,126.9,False,2,ok,True
qwenvl3b,1761,L3,5,direct,1,440,2,126.6,False,0,ok,False
qwenvl3b,471789,L4,12,stepwise,2,469,201,3178.5,False,4,ok,False
qwenvl3b,417249,L3,5,direct,0,440,2,126.0,False,4,ok,False
qwenvl3b,568195,L2,3,direct,0,440,2,126.2,False,3,ok,True
qwenvl3b,511647,L1,1,direct,0,440,2,125.6,False,1,ok,True
qwenvl3b,425906,L4,13,stepwise,0,469,73,1209.2,False,6,ok,False
qwenvl3b,361147,L4,9,stepwise,1,469,148,2363.4,False,7,ok,False
qwenvl3b,507037,L4,14,stepwise,1,469,145,2312.4,False,10,fallback_last_number,False
qwenvl3b,427338,L2,2,direct,2,440,2,125.7,False,2,ok,True
qwenvl3b,170613,L2,2,stepwise,0,469,92,1495.1,False,2,ok,True
qwenvl3b,188296,L3,7,direct,2,440,2,126.2,False,7,ok,True
qwenvl3b,180487,L2,2,stepwise,2,469,57,961.6,False,1,ok,False
qwenvl3b,377393,L4,10,stepwise,2,469,87,1415.2,False,6,ok,False
qwenvl3b,480985,L4,8,stepwise,2,469,147,2334.7,False,5,ok,False
qwenvl3b,284764,L1,1,direct,1,440,2,127.9,False,1,ok,True
qwenvl3b,578489,L3,7,direct,0,440,2,125.4,False,6,ok,False
qwenvl3b,566923,L4,10,direct,1,440,3,140.1,False,10,ok,True
qwenvl3b,427338,L2,2,stepwise,0,469,112,1814.2,False,2,ok,True
qwenvl3b,548246,L3,4,direct,0,440,2,125.3,False,4,ok,True
qwenvl3b,139077,L1,1,direct,0,440,2,123.3,False,1,ok,True
qwenvl3b,500478,L4,14,stepwise,1,469,64,1079.5,False,5,ok,False
qwenvl3b,6771,L4,8,stepwise,2,469,117,1892.4,False,6,ok,False
qwenvl3b,130699,L3,7,stepwise,0,469,132,2103.3,False,6,ok,False
qwenvl3b,70739,L2,3,stepwise,2,469,93,1505.6,False,2,ok,False
qwenvl3b,301563,L2,3,direct,1,440,2,126.8,False,3,ok,True
qwenvl3b,14439,L4,14,direct,1,440,3,142.3,False,15,ok,False
qwenvl3b,402774,L1,1,stepwise,2,469,82,1338.1,False,1,ok,True
qwenvl3b,411754,L3,5,direct,1,440,2,126.5,False,3,ok,False
qwenvl3b,481390,L4,14,direct,0,440,3,143.8,False,10,ok,False
qwenvl3b,497344,L1,1,stepwise,1,469,55,928.8,False,1,ok,True
qwenvl3b,220764,L1,1,stepwise,1,469,72,1204.2,False,1,ok,True
qwenvl3b,188296,L3,7,stepwise,2,469,141,2257.6,False,5,ok,False
qwenvl3b,568195,L2,3,stepwise,1,469,56,957.9,False,,unparseable,
qwenvl3b,357748,L3,4,stepwise,1,469,144,2284.7,False,6,ok,False
qwenvl3b,192670,L4,9,direct,2,440,2,126.1,False,6,ok,False
qwenvl3b,477805,L2,2,stepwise,0,469,84,1370.8,False,1,ok,False
qwenvl3b,527528,L2,2,direct,2,440,2,127.8,False,0,ok,False
qwenvl3b,537270,L2,3,stepwise,2,469,63,1063.7,False,3,ok,True
qwenvl3b,1584,L4,11,stepwise,0,469,141,2258.3,False,6,ok,False
qwenvl3b,361147,L4,9,stepwise,2,469,148,2362.6,False,7,ok,False
qwenvl3b,126137,L4,13,stepwise,1,469,162,2560.9,False,7,ok,False
qwenvl3b,330396,L3,5,stepwise,2,469,125,2016.4,False,3,ok,False
qwenvl3b,554595,L1,1,stepwise,2,469,99,1614.8,False,1,ok,True
qwenvl3b,455555,L2,2,direct,0,440,2,126.2,False,2,ok,True
qwenvl3b,31093,L2,3,stepwise,0,469,126,2014.8,False,2,ok,False
qwenvl3b,165681,L4,12,stepwise,2,469,82,1337.3,False,3,ok,False
qwenvl3b,285047,L1,1,direct,2,440,2,127.0,False,1,ok,True
qwenvl3b,62355,L3,5,direct,1,440,2,128.2,False,4,ok,False
qwenvl3b,562207,L2,3,direct,1,440,2,127.2,False,3,ok,True
qwenvl3b,2006,L2,3,stepwise,1,469,94,1537.6,False,2,ok,False
qwenvl3b,36539,L2,2,direct,1,440,2,126.7,False,2,ok,True
qwenvl3b,427338,L2,2,direct,0,440,2,127.3,False,2,ok,True
qwenvl3b,361586,L3,4,direct,2,440,2,126.0,False,7,ok,False
qwenvl3b,213547,L2,2,direct,0,440,2,125.6,False,2,ok,True
qwenvl3b,450303,L3,6,direct,0,440,2,125.0,False,5,ok,False
qwenvl3b,366884,L1,1,direct,2,440,2,124.3,False,1,ok,True
qwenvl3b,506656,L1,1,stepwise,1,469,67,1104.7,False,2,ok,False
qwenvl3b,268378,L4,9,direct,0,440,2,124.8,False,8,ok,False
qwenvl3b,25386,L2,3,direct,2,440,2,123.7,False,2,ok,False
qwenvl3b,507037,L4,14,stepwise,2,469,145,2304.6,False,10,fallback_last_number,False
qwenvl3b,231580,L3,7,direct,1,440,2,127.5,False,6,ok,False
qwenvl3b,465836,L2,3,direct,1,440,2,129.8,False,3,ok,True
qwenvl3b,578489,L3,7,stepwise,2,469,148,2359.6,False,7,ok,True
qwenvl3b,231580,L3,7,stepwise,2,469,122,1968.8,False,6,ok,False
qwenvl3b,127270,L3,5,stepwise,1,469,111,1779.4,False,5,ok,True
qwenvl3b,285047,L1,1,stepwise,2,469,117,1873.9,False,1,ok,True
qwenvl3b,554595,L1,1,stepwise,1,469,99,1602.4,False,1,ok,True
qwenvl3b,36539,L2,2,direct,0,440,2,126.6,False,2,ok,True
qwenvl3b,114049,L3,6,direct,1,440,2,127.9,False,5,ok,False
qwenvl3b,303863,L3,7,stepwise,1,469,152,2410.6,False,3,ok,False
qwenvl3b,470924,L4,14,direct,2,440,2,126.7,False,5,ok,False
qwenvl3b,14439,L4,14,stepwise,0,469,82,1359.7,False,8,ok,False
qwenvl3b,2006,L2,3,direct,2,440,2,126.8,False,2,ok,False
qwenvl3b,224664,L4,8,stepwise,1,469,120,1920.9,False,6,ok,False
qwenvl3b,3255,L3,6,direct,1,440,2,126.9,False,4,ok,False
qwenvl3b,561256,L1,1,stepwise,1,469,78,1282.4,False,1,ok,True
qwenvl3b,89296,L2,2,stepwise,0,469,95,1550.2,False,3,ok,False
qwenvl3b,274066,L3,5,stepwise,0,469,157,2484.8,False,4,ok,False
qwenvl3b,309173,L1,1,direct,2,440,2,127.1,False,0,ok,False
qwenvl3b,477441,L2,3,stepwise,0,469,136,2182.2,False,2,ok,False
qwenvl3b,265816,L1,1,stepwise,1,469,140,2243.1,False,2,ok,False
qwenvl3b,89648,L4,11,direct,1,440,3,142.2,False,12,ok,False
qwenvl3b,180487,L2,2,direct,1,440,2,126.9,False,2,ok,True
qwenvl3b,554595,L1,1,direct,2,440,2,127.1,False,1,ok,True
qwenvl3b,132544,L4,10,direct,2,440,2,128.0,False,5,ok,False
qwenvl3b,126137,L4,13,direct,0,440,2,128.0,False,1,ok,False
qwenvl3b,111086,L3,4,direct,0,440,2,125.8,False,0,ok,False
qwenvl3b,268378,L4,9,direct,1,440,2,127.2,False,8,ok,False
qwenvl3b,6771,L4,8,direct,0,440,2,128.0,False,7,ok,False
qwenvl3b,82715,L1,1,stepwise,1,469,64,1082.1,False,1,ok,True
qwenvl3b,366884,L1,1,direct,1,440,2,126.6,False,1,ok,True
qwenvl3b,274066,L3,5,stepwise,2,469,157,2504.7,False,4,ok,False
qwenvl3b,117425,L2,3,stepwise,0,469,110,1771.1,False,2,ok,False
qwenvl3b,465836,L2,3,stepwise,0,469,110,1786.2,False,3,ok,True
qwenvl3b,89648,L4,11,stepwise,0,469,128,2037.9,False,5,ok,False
qwenvl3b,330396,L3,5,direct,0,440,2,125.0,False,4,ok,False
qwenvl3b,277020,L3,4,stepwise,0,469,124,1972.4,False,3,ok,False
