tier,fidelity,L_tokens,refresh_interval_s,N_memory,N_accelerator,N_binding,binding_constraint,refresh_cost_s,kv_gb_per_session
jetson_orin,sum80,8192,5,12599,1,1,accelerator,3.07,0.0046
jetson_orin,sum80,8192,15,12599,4,4,accelerator,3.07,0.0046
jetson_orin,sum80,8192,30,12599,9,9,accelerator,3.07,0.0046
jetson_orin,sum80,8192,60,12599,19,19,accelerator,3.07,0.0046
jetson_orin,sum80,8192,300,12599,97,97,accelerator,3.07,0.0046
jetson_orin,sum200,8192,5,5039,0,0,accelerator,5.932,0.0115
jetson_orin,sum200,8192,15,5039,2,2,accelerator,5.932,0.0115
jetson_orin,sum200,8192,30,5039,5,5,accelerator,5.932,0.0115
jetson_orin,sum200,8192,60,5039,10,10,accelerator,5.932,0.0115
jetson_orin,sum200,8192,300,5039,50,50,accelerator,5.932,0.0115
jetson_orin,win10,8192,5,2519,125,125,accelerator,0.04,0.0229
jetson_orin,win10,8192,15,2519,377,377,accelerator,0.04,0.0229
jetson_orin,win10,8192,30,2519,755,755,accelerator,0.04,0.0229
jetson_orin,win10,8192,60,2519,1511,1511,accelerator,0.04,0.0229
jetson_orin,win10,8192,300,2519,7556,2519,memory,0.04,0.0229
jetson_orin,full,8192,5,123,125,123,memory,0.04,0.4698
jetson_orin,full,8192,15,123,377,123,memory,0.04,0.4698
jetson_orin,full,8192,30,123,755,123,memory,0.04,0.4698
jetson_orin,full,8192,60,123,1511,123,memory,0.04,0.4698
jetson_orin,full,8192,300,123,7556,123,memory,0.04,0.4698
jetson_orin,sum80,16384,5,12599,0,0,accelerator,6.051,0.0046
jetson_orin,sum80,16384,15,12599,2,2,accelerator,6.051,0.0046
jetson_orin,sum80,16384,30,12599,4,4,accelerator,6.051,0.0046
jetson_orin,sum80,16384,60,12599,9,9,accelerator,6.051,0.0046
jetson_orin,sum80,16384,300,12599,49,49,accelerator,6.051,0.0046
jetson_orin,sum200,16384,5,5039,0,0,accelerator,9.037,0.0115
jetson_orin,sum200,16384,15,5039,1,1,accelerator,9.037,0.0115
jetson_orin,sum200,16384,30,5039,3,3,accelerator,9.037,0.0115
jetson_orin,sum200,16384,60,5039,6,6,accelerator,9.037,0.0115
jetson_orin,sum200,16384,300,5039,33,33,accelerator,9.037,0.0115
jetson_orin,win10,16384,5,2519,78,78,accelerator,0.063,0.0229
jetson_orin,win10,16384,15,2519,236,236,accelerator,0.063,0.0229
jetson_orin,win10,16384,30,2519,472,472,accelerator,0.063,0.0229
jetson_orin,win10,16384,60,2519,945,945,accelerator,0.063,0.0229
jetson_orin,win10,16384,300,2519,4728,2519,memory,0.063,0.0229
jetson_orin,full,16384,5,61,78,61,memory,0.063,0.9395
jetson_orin,full,16384,15,61,236,61,memory,0.063,0.9395
jetson_orin,full,16384,30,61,472,61,memory,0.063,0.9395
jetson_orin,full,16384,60,61,945,61,memory,0.063,0.9395
jetson_orin,full,16384,300,61,4728,61,memory,0.063,0.9395
jetson_orin,sum80,32768,5,12599,0,0,accelerator,9.031,0.0046
jetson_orin,sum80,32768,15,12599,1,1,accelerator,9.031,0.0046
jetson_orin,sum80,32768,30,12599,3,3,accelerator,9.031,0.0046
jetson_orin,sum80,32768,60,12599,6,6,accelerator,9.031,0.0046
jetson_orin,sum80,32768,300,12599,33,33,accelerator,9.031,0.0046
jetson_orin,sum200,32768,5,5039,0,0,accelerator,12.142,0.0115
jetson_orin,sum200,32768,15,5039,1,1,accelerator,12.142,0.0115
jetson_orin,sum200,32768,30,5039,2,2,accelerator,12.142,0.0115
jetson_orin,sum200,32768,60,5039,4,4,accelerator,12.142,0.0115
jetson_orin,sum200,32768,300,5039,24,24,accelerator,12.142,0.0115
jetson_orin,win10,32768,5,2519,57,57,accelerator,0.087,0.0229
jetson_orin,win10,32768,15,2519,172,172,accelerator,0.087,0.0229
jetson_orin,win10,32768,30,2519,344,344,accelerator,0.087,0.0229
jetson_orin,win10,32768,60,2519,688,688,accelerator,0.087,0.0229
jetson_orin,win10,32768,300,2519,3440,2519,memory,0.087,0.0229
jetson_orin,full,32768,5,infeasible,57,infeasible,infeasible,0.087,1.879
jetson_orin,full,32768,15,infeasible,172,infeasible,infeasible,0.087,1.879
jetson_orin,full,32768,30,infeasible,344,infeasible,infeasible,0.087,1.879
jetson_orin,full,32768,60,infeasible,688,infeasible,infeasible,0.087,1.879
jetson_orin,full,32768,300,infeasible,3440,infeasible,infeasible,0.087,1.879
jetson_orin,sum80,65536,5,12599,0,0,accelerator,21.918,0.0046
jetson_orin,sum80,65536,15,12599,0,0,accelerator,21.918,0.0046
jetson_orin,sum80,65536,30,12599,1,1,accelerator,21.918,0.0046
jetson_orin,sum80,65536,60,12599,2,2,accelerator,21.918,0.0046
jetson_orin,sum80,65536,300,12599,13,13,accelerator,21.918,0.0046
jetson_orin,sum200,65536,5,5039,0,0,accelerator,25.312,0.0115
jetson_orin,sum200,65536,15,5039,0,0,accelerator,25.312,0.0115
jetson_orin,sum200,65536,30,5039,1,1,accelerator,25.312,0.0115
jetson_orin,sum200,65536,60,5039,2,2,accelerator,25.312,0.0115
jetson_orin,sum200,65536,300,5039,11,11,accelerator,25.312,0.0115
jetson_orin,win10,65536,5,2519,32,32,accelerator,0.152,0.0229
jetson_orin,win10,65536,15,2519,98,98,accelerator,0.152,0.0229
jetson_orin,win10,65536,30,2519,197,197,accelerator,0.152,0.0229
jetson_orin,win10,65536,60,2519,394,394,accelerator,0.152,0.0229
jetson_orin,win10,65536,300,2519,1973,1973,accelerator,0.152,0.0229
jetson_orin,full,65536,5,infeasible,32,infeasible,infeasible,0.152,3.7581
jetson_orin,full,65536,15,infeasible,98,infeasible,infeasible,0.152,3.7581
jetson_orin,full,65536,30,infeasible,197,infeasible,infeasible,0.152,3.7581
jetson_orin,full,65536,60,infeasible,394,infeasible,infeasible,0.152,3.7581
jetson_orin,full,65536,300,infeasible,1973,infeasible,infeasible,0.152,3.7581
a6000,sum80,8192,5,7106,1,1,accelerator,3.07,0.0046
a6000,sum80,8192,15,7106,4,4,accelerator,3.07,0.0046
a6000,sum80,8192,30,7106,9,9,accelerator,3.07,0.0046
a6000,sum80,8192,60,7106,19,19,accelerator,3.07,0.0046
a6000,sum80,8192,300,7106,97,97,accelerator,3.07,0.0046
a6000,sum200,8192,5,2842,0,0,accelerator,5.932,0.0115
a6000,sum200,8192,15,2842,2,2,accelerator,5.932,0.0115
a6000,sum200,8192,30,2842,5,5,accelerator,5.932,0.0115
a6000,sum200,8192,60,2842,10,10,accelerator,5.932,0.0115
a6000,sum200,8192,300,2842,50,50,accelerator,5.932,0.0115
a6000,win10,8192,5,1421,125,125,accelerator,0.04,0.0229
a6000,win10,8192,15,1421,377,377,accelerator,0.04,0.0229
a6000,win10,8192,30,1421,755,755,accelerator,0.04,0.0229
a6000,win10,8192,60,1421,1511,1421,memory,0.04,0.0229
a6000,win10,8192,300,1421,7556,1421,memory,0.04,0.0229
a6000,full,8192,5,69,125,69,memory,0.04,0.4698
a6000,full,8192,15,69,377,69,memory,0.04,0.4698
a6000,full,8192,30,69,755,69,memory,0.04,0.4698
a6000,full,8192,60,69,1511,69,memory,0.04,0.4698
a6000,full,8192,300,69,7556,69,memory,0.04,0.4698
a6000,sum80,16384,5,7106,0,0,accelerator,6.051,0.0046
a6000,sum80,16384,15,7106,2,2,accelerator,6.051,0.0046
a6000,sum80,16384,30,7106,4,4,accelerator,6.051,0.0046
a6000,sum80,16384,60,7106,9,9,accelerator,6.051,0.0046
a6000,sum80,16384,300,7106,49,49,accelerator,6.051,0.0046
a6000,sum200,16384,5,2842,0,0,accelerator,9.037,0.0115
a6000,sum200,16384,15,2842,1,1,accelerator,9.037,0.0115
a6000,sum200,16384,30,2842,3,3,accelerator,9.037,0.0115
a6000,sum200,16384,60,2842,6,6,accelerator,9.037,0.0115
a6000,sum200,16384,300,2842,33,33,accelerator,9.037,0.0115
a6000,win10,16384,5,1421,78,78,accelerator,0.063,0.0229
a6000,win10,16384,15,1421,236,236,accelerator,0.063,0.0229
a6000,win10,16384,30,1421,472,472,accelerator,0.063,0.0229
a6000,win10,16384,60,1421,945,945,accelerator,0.063,0.0229
a6000,win10,16384,300,1421,4728,1421,memory,0.063,0.0229
a6000,full,16384,5,34,78,34,memory,0.063,0.9395
a6000,full,16384,15,34,236,34,memory,0.063,0.9395
a6000,full,16384,30,34,472,34,memory,0.063,0.9395
a6000,full,16384,60,34,945,34,memory,0.063,0.9395
a6000,full,16384,300,34,4728,34,memory,0.063,0.9395
a6000,sum80,32768,5,7106,0,0,accelerator,9.031,0.0046
a6000,sum80,32768,15,7106,1,1,accelerator,9.031,0.0046
a6000,sum80,32768,30,7106,3,3,accelerator,9.031,0.0046
a6000,sum80,32768,60,7106,6,6,accelerator,9.031,0.0046
a6000,sum80,32768,300,7106,33,33,accelerator,9.031,0.0046
a6000,sum200,32768,5,2842,0,0,accelerator,12.142,0.0115
a6000,sum200,32768,15,2842,1,1,accelerator,12.142,0.0115
a6000,sum200,32768,30,2842,2,2,accelerator,12.142,0.0115
a6000,sum200,32768,60,2842,4,4,accelerator,12.142,0.0115
a6000,sum200,32768,300,2842,24,24,accelerator,12.142,0.0115
a6000,win10,32768,5,1421,57,57,accelerator,0.087,0.0229
a6000,win10,32768,15,1421,172,172,accelerator,0.087,0.0229
a6000,win10,32768,30,1421,344,344,accelerator,0.087,0.0229
a6000,win10,32768,60,1421,688,688,accelerator,0.087,0.0229
a6000,win10,32768,300,1421,3440,1421,memory,0.087,0.0229
a6000,full,32768,5,17,57,17,memory,0.087,1.879
a6000,full,32768,15,17,172,17,memory,0.087,1.879
a6000,full,32768,30,17,344,17,memory,0.087,1.879
a6000,full,32768,60,17,688,17,memory,0.087,1.879
a6000,full,32768,300,17,3440,17,memory,0.087,1.879
a6000,sum80,65536,5,7106,0,0,accelerator,21.918,0.0046
a6000,sum80,65536,15,7106,0,0,accelerator,21.918,0.0046
a6000,sum80,65536,30,7106,1,1,accelerator,21.918,0.0046
a6000,sum80,65536,60,7106,2,2,accelerator,21.918,0.0046
a6000,sum80,65536,300,7106,13,13,accelerator,21.918,0.0046
a6000,sum200,65536,5,2842,0,0,accelerator,25.312,0.0115
a6000,sum200,65536,15,2842,0,0,accelerator,25.312,0.0115
a6000,sum200,65536,30,2842,1,1,accelerator,25.312,0.0115
a6000,sum200,65536,60,2842,2,2,accelerator,25.312,0.0115
a6000,sum200,65536,300,2842,11,11,accelerator,25.312,0.0115
a6000,win10,65536,5,1421,32,32,accelerator,0.152,0.0229
a6000,win10,65536,15,1421,98,98,accelerator,0.152,0.0229
a6000,win10,65536,30,1421,197,197,accelerator,0.152,0.0229
a6000,win10,65536,60,1421,394,394,accelerator,0.152,0.0229
a6000,win10,65536,300,1421,1973,1421,memory,0.152,0.0229
a6000,full,65536,5,8,32,8,memory,0.152,3.7581
a6000,full,65536,15,8,98,8,memory,0.152,3.7581
a6000,full,65536,30,8,197,8,memory,0.152,3.7581
a6000,full,65536,60,8,394,8,memory,0.152,3.7581
a6000,full,65536,300,8,1973,8,memory,0.152,3.7581
rtx3090ti_24gb,sum80,8192,5,1874,1,1,accelerator,3.07,0.0046
rtx3090ti_24gb,sum80,8192,15,1874,4,4,accelerator,3.07,0.0046
rtx3090ti_24gb,sum80,8192,30,1874,9,9,accelerator,3.07,0.0046
rtx3090ti_24gb,sum80,8192,60,1874,19,19,accelerator,3.07,0.0046
rtx3090ti_24gb,sum80,8192,300,1874,97,97,accelerator,3.07,0.0046
rtx3090ti_24gb,sum200,8192,5,749,0,0,accelerator,5.932,0.0115
rtx3090ti_24gb,sum200,8192,15,749,2,2,accelerator,5.932,0.0115
rtx3090ti_24gb,sum200,8192,30,749,5,5,accelerator,5.932,0.0115
rtx3090ti_24gb,sum200,8192,60,749,10,10,accelerator,5.932,0.0115
rtx3090ti_24gb,sum200,8192,300,749,50,50,accelerator,5.932,0.0115
rtx3090ti_24gb,win10,8192,5,374,125,125,accelerator,0.04,0.0229
rtx3090ti_24gb,win10,8192,15,374,377,374,memory,0.04,0.0229
rtx3090ti_24gb,win10,8192,30,374,755,374,memory,0.04,0.0229
rtx3090ti_24gb,win10,8192,60,374,1511,374,memory,0.04,0.0229
rtx3090ti_24gb,win10,8192,300,374,7556,374,memory,0.04,0.0229
rtx3090ti_24gb,full,8192,5,18,125,18,memory,0.04,0.4698
rtx3090ti_24gb,full,8192,15,18,377,18,memory,0.04,0.4698
rtx3090ti_24gb,full,8192,30,18,755,18,memory,0.04,0.4698
rtx3090ti_24gb,full,8192,60,18,1511,18,memory,0.04,0.4698
rtx3090ti_24gb,full,8192,300,18,7556,18,memory,0.04,0.4698
rtx3090ti_24gb,sum80,16384,5,1874,0,0,accelerator,6.051,0.0046
rtx3090ti_24gb,sum80,16384,15,1874,2,2,accelerator,6.051,0.0046
rtx3090ti_24gb,sum80,16384,30,1874,4,4,accelerator,6.051,0.0046
rtx3090ti_24gb,sum80,16384,60,1874,9,9,accelerator,6.051,0.0046
rtx3090ti_24gb,sum80,16384,300,1874,49,49,accelerator,6.051,0.0046
rtx3090ti_24gb,sum200,16384,5,749,0,0,accelerator,9.037,0.0115
rtx3090ti_24gb,sum200,16384,15,749,1,1,accelerator,9.037,0.0115
rtx3090ti_24gb,sum200,16384,30,749,3,3,accelerator,9.037,0.0115
rtx3090ti_24gb,sum200,16384,60,749,6,6,accelerator,9.037,0.0115
rtx3090ti_24gb,sum200,16384,300,749,33,33,accelerator,9.037,0.0115
rtx3090ti_24gb,win10,16384,5,374,78,78,accelerator,0.063,0.0229
rtx3090ti_24gb,win10,16384,15,374,236,236,accelerator,0.063,0.0229
rtx3090ti_24gb,win10,16384,30,374,472,374,memory,0.063,0.0229
rtx3090ti_24gb,win10,16384,60,374,945,374,memory,0.063,0.0229
rtx3090ti_24gb,win10,16384,300,374,4728,374,memory,0.063,0.0229
rtx3090ti_24gb,full,16384,5,9,78,9,memory,0.063,0.9395
rtx3090ti_24gb,full,16384,15,9,236,9,memory,0.063,0.9395
rtx3090ti_24gb,full,16384,30,9,472,9,memory,0.063,0.9395
rtx3090ti_24gb,full,16384,60,9,945,9,memory,0.063,0.9395
rtx3090ti_24gb,full,16384,300,9,4728,9,memory,0.063,0.9395
rtx3090ti_24gb,sum80,32768,5,1874,0,0,accelerator,9.031,0.0046
rtx3090ti_24gb,sum80,32768,15,1874,1,1,accelerator,9.031,0.0046
rtx3090ti_24gb,sum80,32768,30,1874,3,3,accelerator,9.031,0.0046
rtx3090ti_24gb,sum80,32768,60,1874,6,6,accelerator,9.031,0.0046
rtx3090ti_24gb,sum80,32768,300,1874,33,33,accelerator,9.031,0.0046
rtx3090ti_24gb,sum200,32768,5,749,0,0,accelerator,12.142,0.0115
rtx3090ti_24gb,sum200,32768,15,749,1,1,accelerator,12.142,0.0115
rtx3090ti_24gb,sum200,32768,30,749,2,2,accelerator,12.142,0.0115
rtx3090ti_24gb,sum200,32768,60,749,4,4,accelerator,12.142,0.0115
rtx3090ti_24gb,sum200,32768,300,749,24,24,accelerator,12.142,0.0115
rtx3090ti_24gb,win10,32768,5,374,57,57,accelerator,0.087,0.0229
rtx3090ti_24gb,win10,32768,15,374,172,172,accelerator,0.087,0.0229
rtx3090ti_24gb,win10,32768,30,374,344,344,accelerator,0.087,0.0229
rtx3090ti_24gb,win10,32768,60,374,688,374,memory,0.087,0.0229
rtx3090ti_24gb,win10,32768,300,374,3440,374,memory,0.087,0.0229
rtx3090ti_24gb,full,32768,5,4,57,4,memory,0.087,1.879
rtx3090ti_24gb,full,32768,15,4,172,4,memory,0.087,1.879
rtx3090ti_24gb,full,32768,30,4,344,4,memory,0.087,1.879
rtx3090ti_24gb,full,32768,60,4,688,4,memory,0.087,1.879
rtx3090ti_24gb,full,32768,300,4,3440,4,memory,0.087,1.879
rtx3090ti_24gb,sum80,65536,5,1874,0,0,accelerator,21.918,0.0046
rtx3090ti_24gb,sum80,65536,15,1874,0,0,accelerator,21.918,0.0046
rtx3090ti_24gb,sum80,65536,30,1874,1,1,accelerator,21.918,0.0046
rtx3090ti_24gb,sum80,65536,60,1874,2,2,accelerator,21.918,0.0046
rtx3090ti_24gb,sum80,65536,300,1874,13,13,accelerator,21.918,0.0046
rtx3090ti_24gb,sum200,65536,5,749,0,0,accelerator,25.312,0.0115
rtx3090ti_24gb,sum200,65536,15,749,0,0,accelerator,25.312,0.0115
rtx3090ti_24gb,sum200,65536,30,749,1,1,accelerator,25.312,0.0115
rtx3090ti_24gb,sum200,65536,60,749,2,2,accelerator,25.312,0.0115
rtx3090ti_24gb,sum200,65536,300,749,11,11,accelerator,25.312,0.0115
rtx3090ti_24gb,win10,65536,5,374,32,32,accelerator,0.152,0.0229
rtx3090ti_24gb,win10,65536,15,374,98,98,accelerator,0.152,0.0229
rtx3090ti_24gb,win10,65536,30,374,197,197,accelerator,0.152,0.0229
rtx3090ti_24gb,win10,65536,60,374,394,374,memory,0.152,0.0229
rtx3090ti_24gb,win10,65536,300,374,1973,374,memory,0.152,0.0229
rtx3090ti_24gb,full,65536,5,infeasible,32,infeasible,infeasible,0.152,3.7581
rtx3090ti_24gb,full,65536,15,infeasible,98,infeasible,infeasible,0.152,3.7581
rtx3090ti_24gb,full,65536,30,infeasible,197,infeasible,infeasible,0.152,3.7581
rtx3090ti_24gb,full,65536,60,infeasible,394,infeasible,infeasible,0.152,3.7581
rtx3090ti_24gb,full,65536,300,infeasible,1973,infeasible,infeasible,0.152,3.7581
